日期,股票代码,名称,收盘价,最高价,最低价,开盘价,前收盘,涨跌额,涨跌幅,换手率,成交量,成交金额,总市值,流通市值
2020-11-18,'300750,宁德时代,240.5,252.06,236.82,250.12,250.68,-10.18,-4.061,1.5619,19283321,4666571941.18,5.60238503734e+11,2.9693041014e+11
2020-11-17,'300750,宁德时代,250.68,260.0,246.5,257.3,254.9,-4.22,-1.6556,1.1076,13674853,3446644846.06,5.83952549339e+11,3.09499023758e+11
2020-11-16,'300750,宁德时代,254.9,257.7,247.43,253.89,253.21,1.69,0.6674,0.9972,12312065,3117461904.91,5.93782929737e+11,3.14709195612e+11
2020-11-13,'300750,宁德时代,253.21,260.77,253.0,258.12,254.25,-1.04,-0.409,0.9215,11377678,2916695926.72,5.8984611863e+11,3.12622657595e+11
2020-11-12,'300750,宁德时代,254.25,260.0,252.58,260.0,250.84,3.41,1.3594,0.787,9716864,2484194228.51,5.92268771619e+11,3.1390668099e+11
2020-11-11,'300750,宁德时代,250.84,267.48,250.84,264.11,265.92,-15.08,-5.6709,1.2764,15758398,4067832842.2,5.84325265184e+11,3.09696565819e+11
2020-11-10,'300750,宁德时代,265.92,271.88,255.55,265.32,266.43,-0.51,-0.1914,1.1678,14417544,3798315741.0,6.19453733526e+11,3.2831490505e+11
2020-11-09,'300750,宁德时代,266.43,272.9,261.1,268.0,263.5,2.93,1.112,1.0715,13228570,3519918484.63,6.2064176528e+11,3.28944570368e+11
2020-11-06,'300750,宁德时代,263.5,275.23,260.0,271.38,268.5,-5.0,-1.8622,1.2683,15658385,4181642685.96,6.13816406378e+11,3.2532708138e+11
2020-11-05,'300750,宁德时代,268.5,268.5,260.96,261.0,255.55,12.95,5.0675,1.2794,15795924,4183384889.78,6.25463776518e+11,3.3150027078e+11
2020-11-04,'300750,宁德时代,255.55,260.0,250.0,255.0,256.02,-0.47,-0.1836,0.8959,11061672,2823450164.92,5.95297087855e+11,3.15511710234e+11
2020-11-03,'300750,宁德时代,256.02,260.0,247.18,260.0,260.14,-4.12,-1.5838,1.4949,18456665,4678655503.43,5.96391940649e+11,3.16091990038e+11
2020-11-02,'300750,宁德时代,260.14,265.5,244.51,247.0,247.17,12.97,5.2474,1.5345,18946131,4851443507.78,6.05989373644e+11,3.21178698103e+11
2020-10-30,'300750,宁德时代,247.17,256.6,238.3,241.02,240.0,7.17,2.9875,1.8596,22958747,5697363353.32,5.75776095501e+11,3.051654448e+11
2020-10-29,'300750,宁德时代,240.0,244.02,232.32,237.02,240.26,-0.26,-0.1082,1.4122,17435230,4141992876.83,5.5907376672e+11,2.963130912e+11
2020-10-28,'300750,宁德时代,240.26,245.47,226.66,227.65,237.21,3.05,1.2858,1.8156,22415826,5333295829.78,5.59679429967e+11,2.96634097049e+11
2020-10-27,'300750,宁德时代,237.21,238.7,232.0,235.0,233.15,4.06,1.7414,0.7372,9101539,2142729170.59,5.52574534182e+11,2.92868451515e+11
2020-10-26,'300750,宁德时代,233.15,233.63,219.33,225.97,225.0,8.15,3.6222,0.875,10802773,2483444489.13,5.43116869628e+11,2.87855821722e+11
2020-10-23,'300750,宁德时代,225.0,238.76,224.45,232.51,231.88,-6.88,-2.9671,0.939,11593811,2675565182.5,5.241316563e+11,2.77793523e+11
2020-10-22,'300750,宁德时代,231.88,233.8,227.0,230.2,232.33,-0.45,-0.1937,0.7334,9055157,2083319770.78,5.40158437613e+11,2.86287831614e+11
2020-10-21,'300750,宁德时代,232.33,240.63,227.68,240.06,241.6,-9.27,-3.8369,1.3095,16167925,3765707374.23,5.41206700925e+11,2.8684341866e+11
2020-10-20,'300750,宁德时代,241.6,241.6,228.94,230.63,229.41,12.19,5.3136,1.1013,13596634,3215157955.21,5.62800925165e+11,2.98288511808e+11
2020-10-19,'300750,宁德时代,229.41,236.1,228.0,231.33,228.1,1.31,0.5743,1.0531,13002499,3013473695.51,5.34404636763e+11,2.83238276051e+11
2020-10-16,'300750,宁德时代,228.1,240.0,224.31,239.5,238.6,-10.5,-4.4007,1.6445,20304062,4680601973.53,5.31353025787e+11,2.81620900428e+11
2020-10-15,'300750,宁德时代,238.6,244.1,237.0,241.11,237.3,1.3,0.5478,0.8062,9953526,2390083998.42,5.55812503081e+11,2.94584598168e+11
2020-10-14,'300750,宁德时代,237.3,244.0,234.8,237.0,235.67,1.63,0.6916,1.1153,13770183,3291861335.66,5.52784186844e+11,2.92979568924e+11
2020-10-13,'300750,宁德时代,235.67,238.58,229.0,234.88,234.78,0.89,0.3791,0.8704,10746666,2516817784.32,5.48987144179e+11,2.9096710918e+11
2020-10-12,'300750,宁德时代,234.78,235.0,227.3,228.0,224.87,9.91,4.407,1.5339,18938222,4398493906.52,5.46913912294e+11,2.89868281466e+11
2020-10-09,'300750,宁德时代,224.87,228.88,219.77,219.99,209.2,15.67,7.4904,1.9406,23959241,5376329911.32,5.23828824676e+11,2.77633020076e+11
2020-09-30,'300750,宁德时代,209.2,211.01,203.8,205.3,204.99,4.21,2.0538,1.2952,15990837,3336273480.53,4.87325966658e+11,2.58286244496e+11
2020-09-29,'300750,宁德时代,204.99,206.25,195.43,195.49,192.91,12.08,6.262,1.6396,20243551,4072131575.31,4.77518881e+11,2.53088419021e+11
2020-09-28,'300750,宁德时代,192.91,196.95,191.81,193.45,191.5,1.41,0.7363,0.6669,8233195,1600223953.99,4.49378834741e+11,2.38173993431e+11
2020-09-25,'300750,宁德时代,191.5,194.7,190.59,193.6,190.82,0.68,0.3564,0.5509,6801208,1308079227.28,4.46094276362e+11,2.3643315402e+11
2020-09-24,'300750,宁德时代,190.82,195.8,190.11,193.65,197.0,-6.18,-3.1371,0.8641,10668028,2053506543.55,4.44510234023e+11,2.35593600262e+11
2020-09-23,'300750,宁德时代,197.0,199.82,191.1,199.6,200.5,-3.5,-1.7456,1.2771,15719429,3068479262.24,4.58906383516e+11,2.42473621108e+11
2020-09-22,'300750,宁德时代,200.5,204.2,197.93,200.0,197.93,2.57,1.2984,1.0025,12339378,2486477010.97,4.67059542614e+11,2.46781528082e+11
2020-09-21,'300750,宁德时代,197.93,208.0,196.86,201.9,198.03,-0.1,-0.0505,1.3055,16068319,3253235561.82,4.61072794362e+11,2.43618293533e+11
2020-09-18,'300750,宁德时代,198.03,200.0,195.23,198.91,198.4,-0.37,-0.1865,0.8607,10548691,2089777817.1,4.61305741765e+11,2.42703406701e+11
2020-09-17,'300750,宁德时代,198.4,201.95,191.0,192.24,192.26,6.14,3.1936,1.4794,18130771,3567477518.32,4.62167647155e+11,2.43156874662e+11
2020-09-16,'300750,宁德时代,192.26,196.9,190.5,196.79,194.7,-2.44,-1.2532,0.9659,11837864,2289962853.4,4.47864676623e+11,2.35631757674e+11
2020-09-15,'300750,宁德时代,194.7,197.0,192.82,195.5,192.78,1.92,0.996,0.9549,11703665,2283119874.78,4.53548593252e+11,2.38622195044e+11
2020-09-14,'300750,宁德时代,192.78,194.98,190.0,190.5,187.3,5.48,2.9258,1.1659,14289637,2755344741.23,4.49076003118e+11,2.36269063999e+11
2020-09-11,'300750,宁德时代,187.3,189.3,183.35,186.0,184.96,2.34,1.2651,0.9599,11765001,2188559588.65,4.36310485444e+11,2.29552835808e+11
2020-09-10,'300750,宁德时代,184.96,189.5,184.5,185.0,184.32,0.64,0.3472,1.2097,14826421,2775741169.21,4.30859516219e+11,2.26684957347e+11
2020-09-09,'300750,宁德时代,184.32,187.5,177.99,179.0,186.9,-2.58,-1.3804,1.5449,18934368,3444737254.9,4.29368652841e+11,2.25900580332e+11
2020-09-08,'300750,宁德时代,186.9,188.0,179.51,185.0,186.4,0.5,0.2682,1.801,22073272,4063178479.39,4.35378695833e+11,2.29062600173e+11
2020-09-07,'300750,宁德时代,186.4,204.85,180.0,202.9,204.26,-17.86,-8.7438,3.6545,44789699,8540774209.68,4.34213958819e+11,2.2844980563e+11
2020-09-04,'300750,宁德时代,204.26,205.66,200.58,202.22,209.9,-5.64,-2.687,1.2054,14773663,2993649066.28,4.75818364959e+11,2.50338826706e+11
2020-09-03,'300750,宁德时代,209.9,211.0,205.89,210.0,211.31,-1.41,-0.6673,1.0161,12452889,2600401902.48,4.88956598477e+11,2.57251149151e+11
2020-09-02,'300750,宁德时代,211.31,214.13,208.0,213.36,214.25,-2.94,-1.3722,1.192,14608611,3084140607.86,4.92241156857e+11,2.58979229763e+11
2020-09-01,'300750,宁德时代,214.25,215.0,205.01,206.5,206.35,7.9,3.8284,1.6087,19716189,4175644975.0,4.99089810499e+11,2.62582461676e+11
2020-08-31,'300750,宁德时代,206.35,210.76,205.01,209.66,208.3,-1.95,-0.9361,1.1027,13514481,2797718777.33,4.80686965678e+11,2.52900307896e+11
2020-08-28,'300750,宁德时代,208.3,209.5,203.68,206.32,204.95,3.35,1.6345,1.3844,16967122,3510925235.07,4.85229440032e+11,2.55290206614e+11
2020-08-27,'300750,宁德时代,204.95,208.5,199.0,202.5,194.4,10.55,5.427,2.3171,28397772,5799779573.06,4.77425702039e+11,2.51184483176e+11
2020-08-26,'300750,宁德时代,194.4,199.98,192.94,199.01,199.92,-5.52,-2.7611,1.2435,15240258,2985718224.08,4.52849751043e+11,2.38254518318e+11
2020-08-25,'300750,宁德时代,199.92,206.0,198.96,202.01,202.01,-2.09,-1.0346,1.1871,14549072,2935647680.18,4.65708447678e+11,2.45019770073e+11
2020-08-24,'300750,宁德时代,202.01,208.0,192.24,194.2,192.23,9.78,5.0877,2.1057,25806984,5156579057.63,4.70577048396e+11,2.47581251263e+11
2020-08-21,'300750,宁德时代,192.23,193.94,190.0,191.36,188.42,3.81,2.0221,1.1958,14655272,2815939720.4,4.47794792402e+11,2.35594990002e+11
2020-08-20,'300750,宁德时代,188.42,191.0,185.0,187.0,190.19,-1.77,-0.9306,1.0624,13020138,2444311254.49,4.38919496356e+11,2.30925495584e+11
2020-08-19,'300750,宁德时代,190.19,197.8,190.0,197.8,199.28,-9.09,-4.5614,1.527,18714680,3610137183.17,4.43042665385e+11,2.33094788266e+11
2020-08-18,'300750,宁德时代,199.28,205.0,195.88,199.6,196.62,2.66,1.3529,1.805,22122398,4415130040.55,4.642175843e+11,2.44235393058e+11
2020-08-17,'300750,宁德时代,196.62,200.37,194.2,200.0,200.37,-3.75,-1.8715,1.608,19707410,3866925434.64,4.58021183385e+11,2.40975326089e+11
2020-08-14,'300750,宁德时代,200.37,200.45,195.99,197.7,195.99,4.38,2.2348,0.9767,11970002,2373752130.69,4.6675671099e+11,2.45571285162e+11
2020-08-13,'300750,宁德时代,195.99,201.98,194.47,200.8,195.73,0.26,0.1328,1.0657,13061210,2581164116.91,4.56553614748e+11,2.40203204965e+11
2020-08-12,'300750,宁德时代,195.73,200.26,188.2,199.9,198.42,-2.69,-1.3557,2.0621,25272741,4855191798.76,4.559479515e+11,2.39884551803e+11
2020-08-11,'300750,宁德时代,198.42,204.6,198.13,200.75,200.68,-2.26,-1.1262,0.9981,12233213,2468198212.59,4.62214236636e+11,2.43181386444e+11
2020-08-10,'300750,宁德时代,200.68,205.3,198.08,204.2,204.29,-3.61,-1.7671,1.0671,13078744,2629646475.41,4.67478847939e+11,2.45951217778e+11
2020-08-07,'300750,宁德时代,204.29,214.3,202.11,209.0,211.5,-7.21,-3.409,1.4732,18055246,3733669851.51,4.7588824918e+11,2.50375594379e+11
2020-08-06,'300750,宁德时代,211.5,217.88,208.0,216.88,210.35,1.15,0.5467,1.1885,14565688,3082282259.6,4.92683756922e+11,2.59212091689e+11
2020-08-05,'300750,宁德时代,210.35,212.8,206.55,210.74,210.69,-0.34,-0.1614,1.0387,12730060,2664523682.85,4.9000486179e+11,2.5780266424e+11
2020-08-04,'300750,宁德时代,210.69,222.98,210.32,214.3,215.6,-4.91,-2.2774,1.6284,19958062,4309494880.36,4.90796882959e+11,2.58219364529e+11
2020-08-03,'300750,宁德时代,215.6,215.8,210.05,213.88,212.17,3.43,1.6166,1.2326,15106133,3216865097.64,5.02234600437e+11,2.64237006942e+11
2020-07-31,'300750,宁德时代,212.17,215.3,205.5,206.0,205.35,6.82,3.3212,1.6894,20704980,4378422256.04,4.94244504521e+11,2.60033236377e+11
2020-07-30,'300750,宁德时代,205.35,206.98,202.4,205.0,204.18,1.17,0.573,1.1711,14353072,2944644012.9,4.53230814723e+11,2.5167471881e+11
2020-07-29,'300750,宁德时代,204.18,205.0,195.27,197.52,197.52,6.66,3.3718,1.5502,18998583,3844683433.85,4.506484916e+11,2.50240779579e+11
2020-07-28,'300750,宁德时代,197.52,200.5,195.51,196.05,191.3,6.22,3.2514,1.644,20148990,3988264848.14,4.35949113826e+11,2.42078356267e+11
2020-07-27,'300750,宁德时代,191.3,200.98,189.99,198.0,198.68,-7.38,-3.7145,2.0525,25155581,4870628815.6,4.22220866114e+11,2.34455192152e+11
2020-07-24,'300750,宁德时代,198.68,209.9,195.85,209.0,213.5,-14.82,-6.9415,2.8067,34398314,6943402672.18,4.3850936581e+11,2.43500039606e+11
2020-07-23,'300750,宁德时代,213.5,215.51,206.0,207.0,207.89,5.61,2.6985,2.088,25589954,5395410864.95,4.7121879203e+11,2.61663269861e+11
2020-07-22,'300750,宁德时代,207.89,211.19,203.03,205.0,207.0,0.89,0.43,1.5638,19165779,3992449598.59,4.58836883724e+11,2.54787715089e+11
2020-07-21,'300750,宁德时代,207.0,209.99,203.0,209.99,205.3,1.7,0.8281,1.5223,18656592,3855792321.1,4.5687255246e+11,2.53696940802e+11
2020-07-20,'300750,宁德时代,205.3,211.11,199.09,204.09,195.7,9.6,4.9055,2.3662,28999908,5919664189.96,4.53120459034e+11,2.51613439356e+11
2020-07-17,'300750,宁德时代,195.7,201.18,188.08,197.01,196.77,-1.07,-0.5438,2.4787,30378591,5903627257.05,4.31932166746e+11,2.3984778413e+11
2020-07-16,'300750,宁德时代,196.77,212.88,196.4,208.0,207.03,-10.26,-4.9558,2.2238,27254968,5596500616.35,4.34293778491e+11,2.41159164452e+11
2020-07-15,'300750,宁德时代,207.03,220.57,202.11,219.0,215.95,-8.92,-4.1306,2.2385,27435061,5785551114.4,4.56938765873e+11,2.53733708475e+11
2020-07-14,'300750,宁德时代,215.95,220.7,208.86,214.0,224.11,-8.16,-3.6411,2.7195,33329626,7129824248.0,4.76626220791e+11,2.64665963122e+11
2020-07-13,'300750,宁德时代,224.11,224.29,211.6,211.6,203.9,20.21,9.9117,2.4745,30326879,6609862260.42,4.94636269236e+11,2.74666770063e+11
2020-07-10,'300750,宁德时代,203.9,207.16,200.6,202.98,205.02,-1.12,-0.5463,1.3732,16829333,3436550911.7,4.50030499742e+11,2.49897614635e+11
2020-07-09,'300750,宁德时代,205.02,206.77,196.0,197.0,197.57,7.45,3.7708,2.2767,27903552,5622121400.97,4.52502467176e+11,2.51270274412e+11
2020-07-08,'300750,宁德时代,197.57,198.82,189.98,197.99,195.58,1.99,1.0175,2.3572,28889036,5645451323.93,4.36059469515e+11,2.42139635721e+11
2020-07-07,'300750,宁德时代,195.58,195.58,187.5,188.0,177.8,17.78,10.0,2.0692,25360423,4915716571.73,4.31667313092e+11,2.3970071344e+11
2020-07-06,'300750,宁德时代,177.8,180.0,167.59,168.2,167.6,10.2,6.0859,2.5062,30715268,5324573165.34,3.92424830084e+11,2.17909739491e+11
2020-07-03,'300750,宁德时代,167.6,170.74,167.03,170.0,167.2,0.4,0.2392,1.9604,24026447,4054240060.76,3.69912269528e+11,2.05408730814e+11
2020-07-02,'300750,宁德时代,167.2,172.18,164.51,172.0,169.4,-2.2,-1.2987,2.2069,27047963,4535545521.62,3.69029424016e+11,2.04918495179e+11
2020-07-01,'300750,宁德时代,169.4,181.9,167.88,178.5,174.36,-4.96,-2.8447,2.3383,28657478,4991087872.76,3.73885074332e+11,2.07614791168e+11
2020-06-30,'300750,宁德时代,174.36,179.47,173.0,173.0,171.04,3.32,1.9411,1.326,16251433,2849476587.99,3.84832358681e+11,2.13693713035e+11
2020-06-29,'300750,宁德时代,171.04,172.5,169.01,170.5,171.5,-0.46,-0.2682,0.9468,11604049,1980641413.04,3.77504740931e+11,2.09624757269e+11
2020-06-24,'300750,宁德时代,171.5,173.58,169.3,170.52,168.89,2.61,1.5454,1.2191,14660407,2515400581.42,3.7852001327e+11,2.06244101136e+11
2020-06-23,'300750,宁德时代,168.89,169.13,163.52,166.0,165.0,3.89,2.3576,1.3261,15947506,2662217150.98,3.72759446304e+11,2.03105342513e+11
2020-06-22,'300750,宁德时代,165.0,171.3,164.5,165.75,165.9,-0.9,-0.5425,1.5834,19041226,3191062036.87,3.641737737e+11,1.98427269315e+11
2020-06-19,'300750,宁德时代,165.9,168.8,159.15,159.98,158.95,6.95,4.3724,2.0805,25019327,4137793351.67,3.66160176102e+11,1.99509599875e+11
2020-06-18,'300750,宁德时代,158.95,159.57,156.0,157.8,157.8,1.15,0.7288,0.803,9656214,1526258395.54,3.50820735331e+11,1.91151602773e+11
2020-06-17,'300750,宁德时代,157.8,160.5,156.01,159.04,160.0,-2.2,-1.375,1.0418,12529134,1973464261.58,3.48282554484e+11,1.89768624836e+11
2020-06-16,'300750,宁德时代,160.0,163.28,158.01,161.0,157.7,2.3,1.4585,1.0918,13129741,2107390563.22,3.531382048e+11,1.9241432176e+11
2020-06-15,'300750,宁德时代,157.7,161.26,155.51,156.23,159.3,-1.6,-1.0044,1.3259,15945246,2526289032.82,3.48061843106e+11,1.89648365885e+11
2020-06-12,'300750,宁德时代,159.3,162.5,158.88,160.18,163.98,-4.68,-2.854,2.0992,25244551,4038133987.39,3.51593225154e+11,1.91572509102e+11
2020-06-11,'300750,宁德时代,163.98,170.08,158.13,160.0,156.68,7.3,4.6592,3.0615,36817709,6056179350.39,3.61922517644e+11,1.97200628014e+11
2020-06-10,'300750,宁德时代,156.68,159.9,153.5,159.9,153.96,2.72,1.7667,1.6482,19821016,3097487314.6,3.4581058705e+11,1.88421724583e+11
2020-06-09,'300750,宁德时代,153.96,155.97,153.1,154.5,151.4,2.56,1.6909,1.2531,15069925,2325730459.86,3.39807237569e+11,1.85150681114e+11
2020-06-08,'300750,宁德时代,151.4,154.55,150.46,153.74,151.2,0.2,0.1323,0.8781,10560379,1605995418.59,3.34157026292e+11,1.82072051965e+11
2020-06-05,'300750,宁德时代,151.2,151.35,147.26,149.55,150.0,1.2,0.8,0.8201,9862700,1475831340.87,3.33715603536e+11,1.81831534063e+11
2020-06-04,'300750,宁德时代,150.0,154.13,148.6,149.8,148.28,1.72,1.16,1.144,13757396,2082248431.57,3.31067067e+11,1.8038842665e+11
2020-06-03,'300750,宁德时代,148.5,151.12,147.81,150.0,149.46,-0.96,-0.6423,0.9449,11363532,1693882301.33,3.2775639633e+11,1.78584542384e+11
2020-06-02,'300750,宁德时代,149.46,154.89,146.98,154.0,150.95,-1.49,-0.9871,1.1395,13703028,2055312032.79,3.29875225559e+11,1.79739028314e+11
2020-06-01,'300750,宁德时代,150.95,153.03,146.36,147.47,145.53,5.42,3.7243,1.262,15176562,2284037537.37,3.33163825091e+11,1.81530886685e+11
2020-05-29,'300750,宁德时代,145.53,147.83,144.5,147.0,147.84,-2.31,-1.5625,1.176,14142791,2060033605.24,3.21201268403e+11,1.75012851536e+11
2020-05-28,'300750,宁德时代,147.84,150.9,143.5,149.99,151.5,-3.66,-2.4158,1.4489,17424709,2553996974.35,3.26299701235e+11,1.77790833306e+11
2020-05-27,'300750,宁德时代,151.5,155.0,149.9,149.96,150.03,1.47,0.9798,1.5055,18104917,2763780108.47,3.3437773767e+11,1.82192310916e+11
2020-05-26,'300750,宁德时代,150.03,150.41,145.2,145.77,144.3,5.73,3.9709,1.4541,17486531,2596292602.28,3.31133280413e+11,1.80424504335e+11
2020-05-25,'300750,宁德时代,144.3,144.41,140.55,142.68,142.81,1.49,1.0433,0.863,10378205,1482241104.43,3.1867207671e+11,1.73533666437e+11
2020-05-22,'300750,宁德时代,142.81,146.86,141.0,146.62,147.46,-4.65,-3.1534,1.2321,14817295,2127136883.11,3.15381561157e+11,1.71741808066e+11
2020-05-21,'300750,宁德时代,147.46,153.55,146.58,151.81,149.3,-1.84,-1.2324,1.2879,15487607,2328717775.5,3.25650619762e+11,1.77333849292e+11
2020-05-20,'300750,宁德时代,149.3,155.4,149.01,150.0,143.26,6.04,4.2161,2.7415,32969279,5027432242.27,3.2971407521e+11,1.79546613992e+11
2020-05-19,'300750,宁德时代,143.26,145.8,142.52,143.2,141.81,1.45,1.0225,0.8669,10425183,1499320586.04,3.16375341022e+11,1.72282973346e+11
2020-05-18,'300750,宁德时代,141.81,145.0,139.69,145.0,145.48,-3.67,-2.5227,1.3379,16088936,2287442333.56,3.13173161457e+11,1.70539218555e+11
2020-05-15,'300750,宁德时代,145.48,147.69,138.96,139.94,135.6,9.88,7.2861,2.6786,32212118,4605864489.38,3.21277988356e+11,1.7495272206e+11
2020-05-14,'300750,宁德时代,135.6,138.25,135.5,137.85,138.26,-2.66,-1.9239,0.9507,11433488,1560698259.49,2.9945899932e+11,1.63071137692e+11
2020-05-13,'300750,宁德时代,138.26,139.65,136.88,137.33,139.0,-0.74,-0.5324,1.0107,12154242,1678255895.36,3.05333342522e+11,1.66270025791e+11
2020-05-12,'300750,宁德时代,139.0,139.88,135.73,139.06,137.62,1.38,1.0028,1.3328,16027660,2208624438.51,3.069675583e+11,1.67159942029e+11
2020-05-11,'300750,宁德时代,137.62,145.98,135.06,144.2,144.08,-6.46,-4.4836,2.3729,28536431,3959234289.15,3.03919966714e+11,1.65500368504e+11
2020-05-08,'300750,宁德时代,144.08,145.22,140.89,143.0,143.2,0.88,0.6145,1.1753,14133880,2024998124.84,3.18186228776e+11,1.73269096745e+11
2020-05-07,'300750,宁德时代,143.2,147.2,141.0,146.3,145.79,-2.59,-1.7765,1.337,16078680,2302059541.33,3.1624283704e+11,1.72210817975e+11
2020-05-06,'300750,宁德时代,145.79,146.8,138.75,139.0,144.38,1.41,0.9766,1.5921,19146391,2769607852.49,3.21962592263e+11,1.75325524809e+11
2020-04-30,'300750,宁德时代,144.38,148.51,144.0,144.0,138.72,5.66,4.0802,1.9407,23338521,3409837973.13,3.18848748686e+11,1.73629873598e+11
2020-04-29,'300750,宁德时代,138.72,140.19,136.01,136.13,138.3,0.42,0.3037,0.9941,11954408,1659513004.42,3.06349206384e+11,1.66823216966e+11
2020-04-28,'300750,宁德时代,138.3,140.1,131.62,137.0,133.91,4.39,3.2783,1.8869,22691656,3115997363.13,3.0542167851e+11,1.66318129371e+11
2020-04-27,'300750,宁德时代,133.91,136.0,132.08,133.02,131.69,2.22,1.6858,1.1945,14365453,1933994988.8,2.95726803827e+11,1.61038761418e+11
2020-04-24,'300750,宁德时代,131.69,136.0,130.0,130.0,129.9,1.79,1.378,1.4129,16991648,2263542699.21,2.90824156493e+11,1.58369012704e+11
2020-04-23,'300750,宁德时代,129.9,132.9,128.6,132.9,130.85,-0.95,-0.726,1.0426,12537857,1635621701.89,2.8687112103e+11,1.56216377479e+11
2020-04-22,'300750,宁德时代,130.85,132.3,127.3,127.33,130.52,0.33,0.2528,1.2213,14686885,1904011483.11,2.88969100745e+11,1.57358837514e+11
2020-04-21,'300750,宁德时代,130.52,132.86,127.0,131.99,134.51,-3.99,-2.9663,1.6125,19391746,2519303194.69,2.88240328844e+11,1.56961982976e+11
2020-04-20,'300750,宁德时代,134.51,136.75,131.88,136.4,136.95,-2.44,-1.7817,1.555,18700233,2507578389.91,2.97051843647e+11,1.61760315125e+11
2020-04-17,'300750,宁德时代,136.95,140.58,135.1,136.08,132.95,4.0,3.0086,2.4324,29252182,4024198915.36,3.02440338915e+11,1.64694633531e+11
2020-04-16,'300750,宁德时代,132.95,133.71,126.82,128.27,128.0,4.95,3.8672,1.7993,21638110,2835377036.98,2.93606740115e+11,1.59884275487e+11
2020-04-15,'300750,宁德时代,128.0,131.89,127.23,129.8,126.16,1.84,1.4585,2.7079,32564492,4226641423.33,2.826751616e+11,1.53931457408e+11
2020-04-14,'300750,宁德时代,126.16,126.16,117.5,118.0,114.69,11.47,10.0009,3.2342,38893873,4803638073.83,2.78611706152e+11,1.51718692708e+11
2020-04-13,'300750,宁德时代,114.69,116.99,113.08,114.9,118.46,-3.77,-3.1825,1.0359,12458136,1432291941.7,2.53281361593e+11,1.37924991017e+11
2020-04-10,'300750,宁德时代,118.46,123.07,117.93,121.15,120.21,-1.75,-1.4558,1.2115,14569554,1748457124.11,2.61607028462e+11,1.42458753473e+11
2020-04-09,'300750,宁德时代,120.21,124.48,119.81,123.98,123.0,-2.79,-2.2683,1.3349,16052778,1944405072.93,2.65471727937e+11,1.44563285117e+11
2020-04-08,'300750,宁德时代,123.0,125.49,122.6,123.9,124.7,-1.7,-1.3633,0.9934,11946973,1479285370.18,2.716331631e+11,1.47918509853e+11
2020-04-07,'300750,宁德时代,124.7,126.09,123.02,123.6,121.0,3.7,3.0579,1.5278,18372889,2284706364.59,2.7538744259e+11,1.49962912022e+11
2020-04-03,'300750,宁德时代,121.0,125.0,119.8,124.65,123.6,-2.6,-2.1036,1.5151,18220415,2225897354.02,2.672163637e+11,1.45513330831e+11
2020-04-02,'300750,宁德时代,123.6,123.6,116.71,117.5,120.4,3.2,2.6578,1.7428,20958836,2523168230.16,2.7295820292e+11,1.4864006356e+11
2020-04-01,'300750,宁德时代,120.4,125.56,119.08,123.1,120.39,0.01,0.0083,2.4859,29895088,3664714147.46,2.6589132388e+11,1.44791777124e+11
2020-03-31,'300750,宁德时代,120.39,123.13,117.86,120.27,119.31,1.08,0.9052,1.6203,19485192,2350421157.94,2.65869239883e+11,1.44779751229e+11
2020-03-30,'300750,宁德时代,119.31,120.64,110.7,116.0,118.71,0.6,0.5054,2.1758,26165539,3010412506.63,2.63484168207e+11,1.43480954557e+11
2020-03-27,'300750,宁德时代,118.71,123.33,117.36,122.21,119.63,-0.92,-0.769,1.4551,17499077,2101160340.25,2.62159128387e+11,1.42759400851e+11
2020-03-26,'300750,宁德时代,119.63,122.35,118.3,119.01,121.0,-1.37,-1.1322,1.6163,19437090,2344662560.14,2.64190856111e+11,1.43865783201e+11
2020-03-25,'300750,宁德时代,121.0,122.18,116.0,116.2,111.57,9.43,8.4521,3.2091,38592846,4603104636.27,2.672163637e+11,1.45513330831e+11
2020-03-24,'300750,宁德时代,111.57,112.88,107.0,110.6,107.48,4.09,3.8054,2.4212,29116996,3222263478.77,2.46391154529e+11,1.34172911742e+11
2020-03-23,'300750,宁德时代,107.48,111.57,105.01,110.8,115.86,-8.38,-7.2329,2.558,30761809,3324031004.28,2.37358799756e+11,1.29254320642e+11
2020-03-20,'300750,宁德时代,115.86,119.7,113.22,118.0,115.04,0.82,0.7128,1.8721,22514220,2615607081.53,2.55865189242e+11,1.39332020744e+11
2020-03-19,'300750,宁德时代,115.04,119.5,111.69,119.0,117.35,-2.31,-1.9685,2.7571,33156307,3803916536.71,2.54054301488e+11,1.38345897345e+11
2020-03-18,'300750,宁德时代,117.35,123.5,116.0,118.9,117.95,-0.6,-0.5087,2.6059,31338376,3757216350.32,2.59155704795e+11,1.41123879116e+11
2020-03-17,'300750,宁德时代,117.95,122.93,111.25,121.0,119.06,-1.11,-0.9323,3.2613,39220328,4571660103.94,2.60480744615e+11,1.41845432822e+11
2020-03-16,'300750,宁德时代,119.06,128.88,118.89,128.0,132.1,-13.04,-9.8713,4.0786,49048485,5992811655.68,2.62932068282e+11,1.4318030718e+11
2020-03-13,'300750,宁德时代,132.1,133.8,126.01,126.1,134.2,-2.1,-1.5648,2.283,27455284,3557983786.6,2.9172960037e+11,1.58862074403e+11
2020-03-12,'300750,宁德时代,134.2,136.77,131.32,136.2,140.78,-6.58,-4.674,2.7762,33385759,4454589854.6,2.9636723974e+11,1.61387512376e+11
2020-03-11,'300750,宁德时代,140.78,148.58,138.8,143.0,140.53,0.25,0.1779,2.8208,33923207,4857506589.47,3.10898509766e+11,1.69300551359e+11
2020-03-10,'300750,宁德时代,140.53,141.69,133.01,133.61,133.45,7.08,5.3054,2.4343,29274470,4026499803.83,3.10346409841e+11,1.68999903981e+11
2020-03-09,'300750,宁德时代,133.45,140.9,133.0,138.99,143.52,-10.07,-7.0164,2.4468,29425285,4022533011.76,2.94710939965e+11,1.60485570243e+11
2020-03-06,'300750,宁德时代,143.52,147.3,141.5,142.01,145.22,-1.7,-1.1706,1.3289,15980869,2309879439.45,3.16949524944e+11,1.72595646619e+11
2020-03-05,'300750,宁德时代,145.22,147.83,142.0,146.54,143.7,1.52,1.0578,1.8679,22463328,3254884224.32,3.20703804434e+11,1.74640048787e+11
2020-03-04,'300750,宁德时代,143.7,145.88,139.78,143.99,145.78,-2.08,-1.4268,1.7125,20594614,2945905656.09,3.1734703689e+11,1.72812112731e+11
2020-03-03,'300750,宁德时代,145.78,149.69,143.9,146.0,139.99,5.79,4.136,2.4689,29691061,4366384638.63,3.21940508266e+11,1.75313498914e+11
2020-03-02,'300750,宁德时代,139.99,141.95,134.95,138.8,135.67,4.32,3.1842,2.6455,31815002,4426474527.31,3.09153874003e+11,1.68350505645e+11
2020-02-28,'300750,宁德时代,135.67,145.0,135.51,139.99,149.48,-13.81,-9.2387,4.2279,50844719,7090643685.99,2.99613587299e+11,1.63155318957e+11
2020-02-27,'300750,宁德时代,149.48,156.66,148.8,155.1,152.86,-3.38,-2.2112,2.7607,33200245,5062343300.33,3.30111587156e+11,1.79763080104e+11
2020-02-26,'300750,宁德时代,152.86,160.85,150.7,158.7,161.85,-8.99,-5.5545,2.8129,33827986,5273485008.97,3.37575978142e+11,1.83827832651e+11
2020-02-25,'300750,宁德时代,161.85,165.5,148.84,149.74,154.41,7.44,4.8183,4.291,51602630,8116792624.55,3.57429491445e+11,1.94639112355e+11
2020-02-24,'300750,宁德时代,154.41,159.85,152.48,157.0,159.9,-5.49,-3.4334,3.037,36523081,5670550935.39,3.40998997677e+11,1.85691846394e+11
2020-02-21,'300750,宁德时代,159.9,162.5,155.22,157.8,160.0,-0.1,-0.0625,2.811,33805137,5376640660.24,3.5312311203e+11,1.92294062809e+11
2020-02-20,'300750,宁德时代,160.0,165.0,153.0,156.5,153.2,6.8,4.4386,4.311,51844020,8254242623.04,3.53343952e+11,1.9241432176e+11
2020-02-19,'300750,宁德时代,153.2,165.1,152.89,165.0,156.62,-3.42,-2.1836,3.4772,41816783,6598898913.78,3.3832683404e+11,1.84236713085e+11
2020-02-18,'300750,宁德时代,156.62,159.0,152.85,154.1,154.1,2.52,1.6353,2.3475,28230513,4400767113.91,3.45879561014e+11,1.88349569213e+11
2020-02-17,'300750,宁德时代,154.1,156.16,148.88,149.0,149.9,4.2,2.8019,2.8644,34447133,5309578996.44,3.4031439377e+11,1.85319043645e+11
2020-02-14,'300750,宁德时代,149.9,159.9,148.86,158.9,156.34,-6.44,-4.1192,3.6556,43961853,6739413554.76,3.3103911503e+11,1.80268167699e+11
2020-02-13,'300750,宁德时代,156.34,159.38,153.69,155.99,159.65,-3.31,-2.0733,2.6078,31360960,4914616428.0,3.45261209098e+11,1.8801284415e+11
2020-02-12,'300750,宁德时代,159.65,161.84,152.03,153.55,158.4,1.25,0.7891,2.7097,32586206,5174595055.65,3.52571012105e+11,1.91993415431e+11
2020-02-11,'300750,宁德时代,158.4,168.0,157.6,167.2,165.26,-6.86,-4.151,2.8268,33994559,5451183356.85,3.4981051248e+11,1.90490178542e+11
2020-02-10,'300750,宁德时代,165.26,168.58,160.0,161.0,160.2,5.06,3.1586,3.1217,37540921,6161572536.54,3.64960134422e+11,1.98739942588e+11
2020-02-07,'300750,宁德时代,160.2,169.33,158.95,166.0,169.89,-9.69,-5.7037,3.7835,45499480,7426674364.74,3.5378563194e+11,1.92654839662e+11
2020-02-06,'300750,宁德时代,169.89,169.89,152.99,155.01,163.79,6.1,3.7243,4.8162,57918993,9265610935.71,3.75185025033e+11,2.04307932024e+11
2020-02-05,'300750,宁德时代,163.79,163.79,156.3,158.17,148.9,14.89,10.0,4.414,53082382,8588999756.73,3.61713786863e+11,1.96972136007e+11
2020-02-04,'300750,宁德时代,148.9,148.9,140.01,145.77,135.36,13.54,10.003,2.9864,35913583,5283954889.56,3.2883071533e+11,1.79065578188e+11
2020-02-03,'300750,宁德时代,135.36,143.48,126.5,126.56,130.57,4.79,3.6685,4.3768,52634602,7148822247.27,2.98928983392e+11,1.62782516209e+11
2020-01-23,'300750,宁德时代,130.57,137.0,125.1,132.5,133.82,-3.25,-2.4286,2.9924,35986224,4755930193.29,2.88350748829e+11,1.57022112451e+11
2020-01-22,'300750,宁德时代,133.82,133.82,119.38,121.65,121.65,12.17,10.0041,2.9097,34991561,4493837402.16,2.95528047854e+11,1.60930528362e+11
2020-01-21,'300750,宁德时代,121.65,123.0,120.46,122.51,123.2,-1.55,-1.2581,1.1864,14267108,1734790906.52,2.68651823505e+11,1.46295014013e+11
2020-01-20,'300750,宁德时代,123.2,125.08,112.9,114.99,115.08,8.12,7.056,2.0699,24892200,2992287056.79,2.7207484304e+11,1.48159027755e+11
2020-01-17,'300750,宁德时代,115.08,117.56,114.0,116.36,116.4,-1.32,-1.134,1.2192,14662407,1694771901.3,2.54142637476e+11,1.38394000926e+11
2020-01-16,'300750,宁德时代,116.4,116.5,113.85,116.0,115.3,1.1,0.954,1.0755,12934158,1492301746.76,2.5705772508e+11,1.3998141908e+11
2020-01-15,'300750,宁德时代,115.3,117.58,112.21,115.7,115.7,-0.4,-0.3457,1.4767,17758720,2031327383.2,2.5462848541e+11,1.38658570618e+11
2020-01-14,'300750,宁德时代,115.7,120.75,115.18,119.51,116.9,-1.2,-1.0265,1.8101,21768473,2585867747.09,2.5551184529e+11,1.39139606423e+11
2020-01-13,'300750,宁德时代,116.9,118.48,114.2,116.0,113.31,3.59,3.1683,1.7959,21597445,2516539925.09,2.5816192493e+11,1.40582713836e+11
2020-01-10,'300750,宁德时代,113.31,114.2,111.68,114.2,115.0,-1.69,-1.4696,1.1997,14428007,1628569248.45,2.50233770007e+11,1.36265417491e+11
2020-01-09,'300750,宁德时代,115.0,115.5,110.01,112.0,109.6,5.4,4.927,1.6767,20164351,2287090666.44,2.539659655e+11,1.38297793765e+11
2020-01-08,'300750,宁德时代,109.6,111.5,107.1,109.01,108.5,1.1,1.0138,1.5986,19224068,2098374347.29,2.4204060712e+11,1.31803810406e+11
2020-01-07,'300750,宁德时代,108.5,109.64,107.41,109.01,109.09,-0.59,-0.5408,1.1232,13507544,1461154189.47,2.3961136745e+11,1.30480961944e+11
2020-01-06,'300750,宁德时代,109.09,114.5,107.8,111.3,109.55,-0.46,-0.4199,2.2036,26500200,2958351779.87,2.40914323273e+11,1.31190489755e+11
2020-01-03,'300750,宁德时代,109.55,110.19,105.97,107.52,107.52,2.03,1.888,1.5038,18084178,1956828808.74,2.41930187135e+11,1.3174368093e+11
2020-01-02,'300750,宁德时代,107.52,108.85,105.7,107.21,106.4,1.12,1.0526,1.7139,20611589,2213454650.95,2.37447135744e+11,1.29302424223e+11
2019-12-31,'300750,宁德时代,106.4,110.35,105.54,109.86,110.0,-3.6,-3.2727,1.7879,21500700,2311684353.01,2.3497372808e+11,1.2795552397e+11
2019-12-30,'300750,宁德时代,110.0,110.5,105.0,106.57,104.2,5.8,5.5662,1.9606,23577964,2546998962.12,2.42923967e+11,1.3228484621e+11
2019-12-27,'300750,宁德时代,104.2,110.0,103.15,105.12,105.12,-0.92,-0.8752,2.0003,24054959,2568286547.97,2.3011524874e+11,1.25309827046e+11
2019-12-26,'300750,宁德时代,105.12,106.98,102.68,105.0,105.3,-0.18,-0.1709,1.2341,14841677,1549926129.0,2.32146976464e+11,1.26416209396e+11
2019-12-25,'300750,宁德时代,105.3,105.48,98.15,99.35,99.5,5.8,5.8291,1.9381,23307715,2363520362.46,2.3254448841e+11,1.26632675508e+11
2019-12-24,'300750,宁德时代,99.5,100.09,93.2,93.2,92.9,6.6,7.1044,2.47,29704390,2899590776.3,2.1973577015e+11,1.19657656344e+11
2019-12-23,'300750,宁德时代,92.9,95.39,91.56,92.0,92.78,0.12,0.1293,1.176,14142900,1327211448.96,2.0516033213e+11,1.11720565572e+11
2019-12-20,'300750,宁德时代,92.78,94.88,92.71,93.24,93.25,-0.47,-0.504,0.8613,10357947,968703786.34,2.04895324166e+11,1.11576254831e+11
2019-12-19,'300750,宁德时代,93.25,93.58,91.52,93.5,93.19,0.06,0.0644,0.9017,10843349,1003631198.18,2.05933272025e+11,1.12141471901e+11
2019-12-18,'300750,宁德时代,93.19,94.5,92.17,94.46,95.39,-2.2,-2.3063,1.55,18640537,1738803703.2,2.05800768043e+11,1.1206931653e+11
2019-12-17,'300750,宁德时代,95.39,97.19,94.44,94.8,92.3,3.09,3.3478,2.3066,27739358,2651624403.94,2.10659247383e+11,1.14715013454e+11
2019-12-16,'300750,宁德时代,92.3,92.87,91.28,92.54,93.0,-0.7,-0.7527,1.5149,18217880,1677225430.6,2.0383529231e+11,1.10999011865e+11
2019-12-13,'300750,宁德时代,93.0,93.4,90.32,91.53,89.7,3.3,3.6789,1.5209,18289816,1685672880.77,2.053811721e+11,1.11840824523e+11
2019-12-12,'300750,宁德时代,89.7,92.9,89.22,91.46,91.49,-1.79,-1.9565,1.2372,14878693,1348243702.95,1.9809345309e+11,1.07872279137e+11
2019-12-11,'300750,宁德时代,91.49,94.19,90.5,93.35,93.35,-1.86,-1.9925,1.1081,13325522,1228395775.99,2.02046488553e+11,1.10024914361e+11
2019-12-10,'300750,宁德时代,93.35,94.44,91.3,92.0,92.89,0.46,0.4952,1.0556,12694910,1180456000.42,2.06154111995e+11,1.12261730852e+11
2019-12-09,'300750,宁德时代,92.89,93.5,90.9,93.5,93.0,-0.11,-0.1183,1.2265,14749903,1356068173.99,2.05138248133e+11,1.11708539677e+11
2019-12-06,'300750,宁德时代,93.0,93.39,91.1,91.7,92.0,1.0,1.087,1.1174,13437736,1241180809.83,2.053811721e+11,1.11840824523e+11
2019-12-05,'300750,宁德时代,92.0,93.46,86.96,87.02,86.7,5.3,6.113,2.1922,26362986,2386541251.7,2.031727724e+11,1.10638235012e+11
2019-12-04,'300750,宁德时代,86.7,88.76,85.18,86.36,86.4,0.3,0.3472,1.4035,16878594,1471734012.43,1.9146825399e+11,1.04264510604e+11
2019-12-03,'300750,宁德时代,86.4,87.25,84.59,87.0,87.1,-0.7,-0.8037,1.3046,15689440,1344177278.58,1.9080573408e+11,1.0390373375e+11
2019-12-02,'300750,宁德时代,87.1,88.32,85.8,88.2,87.41,-0.31,-0.3547,0.9897,11901718,1037432152.42,1.9235161387e+11,1.04745546408e+11
2019-11-29,'300750,宁德时代,87.41,88.9,85.38,87.12,87.41,0.0,0.0,1.0745,12922196,1128335006.52,1.93036217777e+11,1.05118349157e+11
2019-11-28,'300750,宁德时代,87.41,89.6,86.15,86.7,87.25,0.16,0.1834,1.2076,14522464,1272961361.98,1.93036217777e+11,1.05118349157e+11
2019-11-27,'300750,宁德时代,87.25,88.86,85.97,87.45,88.0,-0.75,-0.8523,1.6169,19444274,1701295924.24,1.92682873825e+11,1.04925934835e+11
2019-11-26,'300750,宁德时代,88.0,89.6,81.9,82.99,83.58,4.42,5.2883,3.2553,39148358,3366468758.81,1.943391736e+11,1.05827876968e+11
2019-11-25,'300750,宁德时代,83.58,83.65,81.0,81.35,80.5,3.08,3.8261,2.3353,28083768,2324168795.76,1.84578046926e+11,1.00512431329e+11
2019-11-22,'300750,宁德时代,80.5,84.6,79.46,82.0,77.15,3.35,4.3422,3.5213,42347174,3469882994.6,1.7777617585e+11,96808455635.5
2019-11-21,'300750,宁德时代,77.15,78.1,76.3,76.7,76.3,0.85,1.114,1.0346,12442467,962849296.53,1.70378036855e+11,92779780773.6
2019-11-20,'300750,宁德时代,76.3,78.1,76.2,76.83,76.94,-0.64,-0.8318,0.9352,11246809,866890314.09,1.6850089711e+11,91757579689.3
2019-11-19,'300750,宁德时代,76.94,76.97,72.88,73.28,72.87,4.07,5.5853,1.5493,18631350,1408822314.11,1.69914272918e+11,92527236976.3
2019-11-18,'300750,宁德时代,72.87,73.19,72.15,72.88,72.6,0.27,0.3719,0.3738,4495507,327040087.26,1.60926086139e+11,87632697666.6
2019-11-15,'300750,宁德时代,72.6,74.29,71.6,74.29,74.1,-1.5,-2.0243,0.8916,10722051,777993873.48,1.6032981822e+11,87307998498.6
2019-11-14,'300750,宁德时代,74.1,74.85,73.81,74.4,73.94,0.16,0.2164,0.5593,6725875,500146771.62,1.6364241777e+11,89111882765.1
2019-11-13,'300750,宁德时代,73.94,74.89,73.79,74.8,74.45,-0.51,-0.685,0.5601,6735241,500321731.55,1.63289073818e+11,88919468443.3
2019-11-12,'300750,宁德时代,74.45,75.3,73.55,74.0,73.7,0.75,1.0176,0.7554,9084273,676179118.88,1.64415357665e+11,89532789093.9
2019-11-11,'300750,宁德时代,73.7,75.4,73.7,74.78,75.62,-1.92,-2.539,0.8308,9991343,743193688.7,1.6275905789e+11,88630846960.7
2019-11-08,'300750,宁德时代,75.62,77.2,75.0,75.9,75.3,0.32,0.425,1.5829,19035838,1451717069.15,1.66999185314e+11,90939818821.8
2019-11-07,'300750,宁德时代,75.3,76.91,74.13,75.3,75.9,-0.6,-0.7905,1.8014,21663334,1632551884.18,1.6629249741e+11,90554990178.3
2019-11-06,'300750,宁德时代,75.9,78.88,75.35,76.27,73.48,2.42,3.2934,3.6711,44148150,3404725404.43,1.6761753723e+11,91276543884.9
2019-11-05,'300750,宁德时代,73.48,74.35,69.93,70.31,69.93,3.55,5.0765,1.9776,23782533,1725001848.73,1.62273209956e+11,88366277268.3
2019-11-04,'300750,宁德时代,69.93,69.99,69.1,69.6,69.33,0.6,0.8654,0.6891,8286601,577524887.1,1.54433391021e+11,84097084504.2
2019-11-01,'300750,宁德时代,69.33,69.4,68.42,68.52,68.71,0.62,0.9023,0.4668,5613492,387301784.2,1.53108351201e+11,83375530797.6
2019-10-31,'300750,宁德时代,68.71,69.83,68.68,69.38,69.52,-0.81,-1.1651,0.4679,5626806,387993148.14,1.51739143387e+11,82629925300.8
2019-10-30,'300750,宁德时代,69.52,69.72,68.38,69.0,69.28,0.24,0.3464,0.6288,7561367,520676672.8,1.53527947144e+11,83604022804.7
2019-10-29,'300750,宁德时代,69.28,70.89,69.13,70.89,70.81,-1.53,-2.1607,0.8204,9865652,687635379.69,1.52997931216e+11,83315401322.1
2019-10-28,'300750,宁德时代,70.81,70.82,69.68,70.05,71.02,-0.21,-0.2957,0.8287,9966286,700210842.8,1.56376782757e+11,85155363273.9
2019-10-25,'300750,宁德时代,71.02,71.75,70.56,71.7,71.63,-0.61,-0.8516,0.4482,5389714,382402723.41,1.56840546694e+11,85407907071.2
2019-10-24,'300750,宁德时代,71.63,71.95,70.88,70.93,70.76,0.87,1.2295,0.752,9043248,646704355.76,1.58187670511e+11,86141486672.9
2019-10-23,'300750,宁德时代,70.76,71.15,70.05,70.7,70.72,0.04,0.0566,0.5253,6317648,447168647.59,1.56266362772e+11,85095233798.4
2019-10-22,'300750,宁德时代,70.72,70.92,70.0,70.0,69.64,1.08,1.5508,0.576,6927358,489333687.06,1.56178026784e+11,85047130217.9
2019-10-21,'300750,宁德时代,69.64,70.28,69.0,70.28,70.09,-0.45,-0.642,0.4194,5043168,350055632.04,1.53792955108e+11,83748333546.0
2019-10-18,'300750,宁德时代,70.09,70.32,69.36,69.6,69.3,0.79,1.14,0.6343,7628238,533023008.19,1.54786734973e+11,84289498826.0
2019-10-17,'300750,宁德时代,69.3,69.97,68.89,69.7,69.69,-0.39,-0.5596,0.6025,7245504,501288116.17,1.5304209921e+11,83339453112.3
2019-10-16,'300750,宁德时代,69.69,71.33,69.5,71.01,70.97,-1.28,-1.8036,0.6755,8123690,568498326.46,1.53903375093e+11,83808463021.6
2019-10-15,'300750,宁德时代,70.97,72.1,70.66,70.85,70.85,0.12,0.1694,0.743,8935077,636739159.86,1.56730126709e+11,85347777595.7
2019-10-14,'300750,宁德时代,70.85,72.0,70.5,71.9,71.46,-0.61,-0.8536,1.0148,12203588,867406114.96,1.56465118745e+11,85203466854.4
2019-10-11,'300750,宁德时代,71.46,72.14,70.33,71.17,70.9,0.56,0.7898,0.7893,9492562,677544365.19,1.57812242562e+11,85937046456.1
2019-10-10,'300750,宁德时代,70.9,71.64,69.76,70.07,69.1,1.8,2.6049,1.0216,12285154,869992051.36,1.5657553873e+11,85263596329.9
2019-10-09,'300750,宁德时代,69.1,70.03,68.38,70.01,70.26,-1.16,-1.651,1.0994,13221857,911571269.05,1.5260041927e+11,83098935210.1
2019-10-08,'300750,宁德时代,70.26,71.98,70.2,71.61,71.5,-1.24,-1.7343,0.7264,8735710,618883409.79,1.55162162922e+11,84493939042.9
2019-09-30,'300750,宁德时代,71.5,72.07,71.16,71.8,71.46,0.04,0.056,0.5622,6760707,484212294.2,1.5790057855e+11,85985150036.5
2019-09-27,'300750,宁德时代,71.46,71.89,71.06,71.45,71.45,0.01,0.014,0.594,7143729,510484481.92,1.57812242562e+11,85937046456.1
2019-09-26,'300750,宁德时代,71.45,73.35,71.02,73.2,72.96,-1.51,-2.0696,1.0887,13092362,941682667.87,1.57790158565e+11,85925020560.9
2019-09-25,'300750,宁德时代,72.96,73.78,71.85,72.6,72.73,0.23,0.3162,1.1139,13395325,975645561.12,1.61124842112e+11,87740930722.6
2019-09-24,'300750,宁德时代,72.73,73.92,72.06,73.14,72.99,-0.26,-0.3562,1.0679,12842670,936875749.3,1.60616910181e+11,87464335135.0
2019-09-23,'300750,宁德时代,72.99,74.88,72.3,74.87,74.86,-1.87,-2.498,1.0236,12309884,899754060.2,1.6017254055e+11,87777008407.9
2019-09-20,'300750,宁德时代,74.86,76.12,74.6,75.52,75.38,-0.52,-0.6898,1.0646,12802741,962427238.25,1.642761527e+11,90025850793.5
2019-09-19,'300750,宁德时代,75.38,76.0,74.59,74.59,74.59,0.79,1.0591,1.1752,14132303,1065080393.04,1.654172641e+11,90651197339.2
2019-09-18,'300750,宁德时代,74.59,75.46,74.45,75.05,74.52,0.07,0.0939,0.8425,10085597,755559853.69,1.6368365255e+11,89288419794.9
2019-09-17,'300750,宁德时代,74.52,76.58,74.21,76.58,76.7,-2.18,-2.8422,1.1961,14317599,1075220901.21,1.635300414e+11,89204625862.9
2019-09-16,'300750,宁德时代,76.7,79.3,76.32,78.99,78.0,-1.3,-1.6667,1.1301,13527921,1049862814.99,1.683139315e+11,91814208315.7
2019-09-12,'300750,宁德时代,78.0,79.7,77.3,78.2,77.77,0.23,0.2957,1.2869,15404790,1208379490.6,1.7116671e+11,93370381338.0
2019-09-11,'300750,宁德时代,77.77,81.08,77.36,77.9,77.22,0.55,0.7123,1.7736,21230612,1677214721.58,1.7066198765e+11,93095058418.7
2019-09-10,'300750,宁德时代,77.22,77.75,76.45,77.33,77.0,0.22,0.2857,1.5728,18827878,1453966628.19,1.694550429e+11,92436677524.6
2019-09-09,'300750,宁德时代,77.0,77.0,72.06,72.51,71.86,5.14,7.1528,2.1555,25802948,1929969738.33,1.68972265e+11,92173325167.0
2019-09-06,'300750,宁德时代,71.86,72.3,71.45,71.45,71.3,0.56,0.7854,0.6927,8292198,595782214.49,1.576928177e+11,86020456448.1
2019-09-05,'300750,宁德时代,71.3,72.39,71.21,71.21,71.18,0.12,0.1686,1.0277,12301592,882671197.57,1.564639285e+11,85350104992.3
2019-09-04,'300750,宁德时代,71.18,71.38,69.9,70.88,71.2,-0.02,-0.0281,0.9783,11710654,825074108.0,1.562005951e+11,85206458251.8
2019-09-03,'300750,宁德时代,71.2,72.9,70.84,72.71,72.96,-1.76,-2.4123,1.0876,13019463,928815989.45,1.56244484e+11,85230399375.2
2019-09-02,'300750,宁德时代,72.96,73.14,71.89,72.19,72.27,0.69,0.9548,0.8192,9806682,711942578.79,1.601067072e+11,87337218236.2
2019-08-30,'300750,宁德时代,72.27,72.88,70.56,71.46,71.08,1.19,1.6742,0.9938,11896719,853502524.6,1.5859254015e+11,86511249478.2
2019-08-29,'300750,宁德时代,71.08,72.53,71.03,72.51,72.52,-1.44,-1.9857,0.8417,10076080,719068780.42,1.559811506e+11,85086752634.7
2019-08-28,'300750,宁德时代,72.52,74.27,72.36,74.17,73.3,-0.78,-1.0641,0.7218,8640082,630707719.1,1.591411514e+11,86810513520.9
2019-08-27,'300750,宁德时代,73.3,74.53,73.11,73.36,72.77,0.53,0.7283,0.8024,9605221,708485566.74,1.608528185e+11,87744217334.3
2019-08-26,'300750,宁德时代,72.77,73.73,72.5,72.89,73.9,-1.13,-1.5291,0.7625,9127893,667071588.73,1.5968976265e+11,87109777563.7
2019-08-23,'300750,宁德时代,73.9,75.59,71.92,75.59,75.6,-1.7,-2.2487,1.3838,16565181,1217057417.21,1.621694855e+11,88462451036.9
2019-08-22,'300750,宁德时代,75.6,76.0,75.0,76.0,75.8,-0.2,-0.2639,0.4108,4917499,371406219.63,1.65900042e+11,90497446527.6
2019-08-21,'300750,宁德时代,75.8,76.95,75.22,75.22,75.43,0.37,0.4905,0.5458,6533092,497063366.52,1.66338931e+11,90736857761.8
2019-08-20,'300750,宁德时代,75.43,76.35,75.16,76.18,76.2,-0.77,-1.0105,0.5697,6819064,516227096.82,1.6552698635e+11,90293946978.5
2019-08-19,'300750,宁德时代,76.2,76.2,73.22,73.7,73.22,2.98,4.0699,0.8782,10512285,788088318.8,1.67216709e+11,91215680230.2
2019-08-16,'300750,宁德时代,73.22,74.2,73.03,74.0,74.17,-0.95,-1.2808,0.5809,6954025,510354144.28,1.606772629e+11,87648452840.6
2019-08-15,'300750,宁德时代,74.17,74.2,71.71,71.95,73.5,0.67,0.9116,0.3861,4622234,338674803.95,1.6276198565e+11,88785656203.1
2019-08-14,'300750,宁德时代,73.5,75.09,73.5,74.0,73.47,0.03,0.0408,0.5284,6324864,469662043.69,1.612917075e+11,87983628568.5
2019-08-13,'300750,宁德时代,73.47,74.29,72.58,72.82,73.37,0.1,0.1363,0.4435,5309490,390413486.06,1.6122587415e+11,87947716883.4
2019-08-12,'300750,宁德时代,73.37,73.4,71.53,71.81,71.93,1.44,2.0019,0.3553,4253610,309047521.33,1.6100642965e+11,87828011266.3
2019-08-09,'300750,宁德时代,71.93,73.97,71.51,73.97,73.08,-1.15,-1.5736,0.3954,4732689,342757055.43,1.5784642885e+11,86104250380.0
2019-08-08,'300750,宁德时代,73.08,74.18,72.8,74.0,73.33,-0.25,-0.3409,0.3237,3874396,283896694.06,1.603700406e+11,87480864976.7
2019-08-07,'300750,宁德时代,73.33,74.55,72.44,72.5,72.15,1.18,1.6355,0.7188,8604899,634607223.52,1.6091865185e+11,87780129019.4
2019-08-06,'300750,宁德时代,72.15,72.69,70.51,70.8,73.0,-0.85,-1.1644,0.7096,8493825,606804434.02,1.5832920675e+11,86367602737.6
2019-08-05,'300750,宁德时代,73.0,75.2,72.88,74.7,75.28,-2.28,-3.0287,0.7511,8991667,664300302.4,1.60194485e+11,87385100483.0
2019-08-02,'300750,宁德时代,75.28,75.6,73.75,73.99,75.8,-0.52,-0.686,0.5986,7166010,537012579.33,1.651978196e+11,90114388552.9
2019-08-01,'300750,宁德时代,75.8,76.93,75.28,75.9,76.0,-0.2,-0.2632,0.5639,6750326,512836765.97,1.66338931e+11,90736857761.8
2019-07-31,'300750,宁德时代,76.0,77.6,76.0,77.6,77.76,-1.76,-2.2634,0.5532,6622124,507359962.59,1.6677782e+11,90976268996.0
2019-07-30,'300750,宁德时代,77.76,78.49,76.14,76.9,76.68,1.08,1.4085,0.8058,9645886,748447373.95,1.706400432e+11,93083087857.0
2019-07-29,'300750,宁德时代,76.68,77.4,76.01,76.52,76.66,0.02,0.0261,0.5879,7037596,539231508.15,1.682700426e+11,91790267192.3
2019-07-26,'300750,宁德时代,76.66,77.77,75.36,75.36,75.81,0.85,1.1212,0.9629,11526351,887611744.45,1.682261537e+11,91766326068.9
2019-07-25,'300750,宁德时代,75.81,76.75,75.3,75.7,75.68,0.13,0.1718,0.9891,11840107,900265031.06,1.6636087545e+11,90748828323.5
2019-07-24,'300750,宁德时代,75.68,76.93,75.4,76.2,75.87,-0.19,-0.2504,0.9998,11968548,911581946.34,1.660755976e+11,90593211021.3
2019-07-23,'300750,宁德时代,75.87,76.95,72.62,73.4,73.08,2.79,3.8177,1.3759,16470705,1243667020.02,1.6649254215e+11,90820651693.8
2019-07-22,'300750,宁德时代,73.08,73.6,71.51,72.5,72.36,0.72,0.995,0.7323,8765702,637958006.55,1.603700406e+11,87480864976.7
2019-07-19,'300750,宁德时代,72.5,72.95,71.57,71.71,71.5,1.0,1.3986,0.4792,5735854,415492043.78,1.590972625e+11,86786572397.5
2019-07-18,'300750,宁德时代,71.5,72.8,71.33,72.46,72.99,-1.49,-2.0414,0.3773,4517044,324530503.39,1.569028175e+11,85589516226.5
2019-07-17,'300750,宁德时代,72.99,73.84,72.28,72.45,72.82,0.17,0.2335,0.3607,4317237,315550235.75,1.6017254055e+11,87373129921.3
2019-07-16,'300750,宁德时代,72.82,73.66,71.31,73.41,73.66,-0.84,-1.1404,0.8026,9607041,696256679.66,1.597994849e+11,87169630372.2
2019-07-15,'300750,宁德时代,73.66,74.58,73.0,74.51,73.88,-0.22,-0.2978,0.9416,11271492,831092957.0,1.616428187e+11,88175157555.9
2019-07-12,'300750,宁德时代,73.88,74.23,72.51,72.79,72.42,1.46,2.016,0.7867,9417205,694124849.05,1.621255966e+11,88438509913.5
2019-07-11,'300750,宁德时代,72.42,73.52,71.9,73.5,72.25,0.17,0.2353,0.5904,7067279,513699469.25,1.58963160108e+11,86690807903.8
2019-07-10,'300750,宁德时代,72.25,73.47,71.0,71.1,70.86,1.39,1.9616,1.3309,15931512,1152969652.91,1.5859000715e+11,86487308354.8
2019-07-09,'300750,宁德时代,70.86,70.89,68.5,68.88,68.86,2.0,2.9044,0.8022,9602729,671619524.78,1.55538932964e+11,84823400277.1
2019-07-08,'300750,宁德时代,68.86,70.53,67.89,70.53,71.08,-2.22,-3.1232,0.6937,8304330,572956111.62,1.51148898164e+11,82429287935.1
2019-07-05,'300750,宁德时代,71.08,71.5,70.02,71.1,71.05,0.03,0.0422,0.743,8893749,631207237.87,1.56021836792e+11,85086752634.7
2019-07-04,'300750,宁德时代,71.05,72.28,70.55,71.99,71.8,-0.75,-1.0446,0.6754,8084414,575394325.31,1.5595598627e+11,85050840949.6
2019-07-03,'300750,宁德时代,71.8,73.01,70.28,70.51,71.04,0.76,1.0698,1.8462,22100168,1590621264.51,1.5760224932e+11,85948633077.8
2019-07-02,'300750,宁德时代,71.04,72.38,69.96,70.28,70.32,0.72,1.0239,1.3577,16251996,1159161875.13,1.55934036096e+11,85038870387.8
2019-07-01,'300750,宁德时代,70.32,71.0,69.31,70.0,68.88,1.44,2.0906,1.0924,13077230,918840408.83,1.54353623568e+11,84176989944.7
2019-06-28,'300750,宁德时代,68.88,69.43,68.0,68.9,69.93,-1.05,-1.5015,0.4779,5721215,393261787.73,1.51192798512e+11,82453229058.5
2019-06-27,'300750,宁德时代,69.93,70.71,69.45,69.82,69.98,-0.05,-0.0714,0.9147,10948902,766946532.19,1.53497566782e+11,83710138038.0
2019-06-26,'300750,宁德时代,69.98,70.56,68.29,68.44,68.83,1.15,1.6708,0.7893,9448365,659276524.38,1.53607317652e+11,83769990846.6
2019-06-25,'300750,宁德时代,68.83,69.2,67.81,68.84,68.86,-0.03,-0.0436,0.6381,7638790,524726340.95,1.51083047642e+11,82393376249.9
2019-06-24,'300750,宁德时代,68.86,69.13,67.91,69.09,69.09,-0.23,-0.3329,0.5518,6605850,452626112.41,1.51148898164e+11,82429287935.1
2019-06-21,'300750,宁德时代,69.09,71.0,68.85,71.0,69.06,0.03,0.0434,0.9873,11818586,821987074.04,1.51653752166e+11,82704610854.4
2019-06-20,'300750,宁德时代,69.06,70.24,68.25,69.68,69.68,-0.62,-0.8898,1.0706,12816110,888389359.04,1.51587901644e+11,82668699169.3
2019-06-19,'300750,宁德时代,69.68,73.24,69.12,72.98,71.05,-1.37,-1.9282,1.1931,14281497,1005547313.99,1.52948812432e+11,83410873995.3
2019-06-18,'300750,宁德时代,71.05,72.38,70.4,71.9,71.96,-0.91,-1.2646,0.6834,8180108,582895043.21,1.5595598627e+11,85050840949.6
2019-06-17,'300750,宁德时代,71.96,73.83,71.1,72.25,72.18,-0.22,-0.3048,1.0083,12070489,876179720.08,1.57953452104e+11,86140162065.2
2019-06-14,'300750,宁德时代,72.18,74.18,70.8,71.07,71.01,1.17,1.6477,1.707,20433297,1485468811.32,1.58436355932e+11,86403514422.8
2019-06-13,'300750,宁德时代,71.01,72.26,67.9,68.6,68.65,2.36,3.4377,1.8001,21548752,1517836884.03,1.55868185574e+11,85002958702.7
2019-06-12,'300750,宁德时代,68.65,69.5,67.27,67.27,68.19,0.46,0.6746,1.2824,15350806,1051599152.02,1.5068794451e+11,82177906139.1
2019-06-11,'300750,宁德时代,68.19,68.94,64.0,64.02,67.6,0.59,0.8728,2.0139,24107111,1598113764.05,1.49678236506e+11,81627260300.5
2019-06-10,'300750,宁德时代,67.6,70.27,66.91,67.85,66.94,0.66,0.986,4.0716,8845244,608130669.53,1.4838317624e+11,14685676350.8
2019-06-06,'300750,宁德时代,66.94,68.89,66.66,68.81,69.07,-2.13,-3.0838,1.7255,3748486,252839103.42,1.46934464756e+11,14542295487.0
2019-06-05,'300750,宁德时代,69.07,69.35,67.36,67.37,66.87,2.2,3.29,2.3058,5009314,343503184.79,1.51609851818e+11,15005024638.3
2019-06-04,'300750,宁德时代,66.87,68.4,66.8,68.4,68.16,-1.29,-1.8926,1.4577,3166678,213131577.31,1.46780813538e+11,14527088425.7
2019-06-03,'300750,宁德时代,68.16,69.67,68.0,68.6,69.44,-1.28,-1.8433,1.4973,3252837,223503068.28,1.49612385984e+11,14807332841.3
2019-05-31,'300750,宁德时代,69.44,70.47,69.36,70.3,69.81,-0.37,-0.53,1.1585,2516679,175685319.67,1.52422008256e+11,15085404819.5
2019-05-30,'300750,宁德时代,69.81,70.49,68.9,70.49,70.57,-0.76,-1.0769,1.3223,2872644,199994014.41,1.53234164694e+11,15165785000.7
2019-05-29,'300750,宁德时代,70.57,71.29,70.05,70.21,71.88,-1.31,-1.8225,1.5168,3295113,232757105.25,1.54902377918e+11,15330890237.8
2019-05-28,'300750,宁德时代,71.88,71.88,68.8,69.2,69.2,2.68,3.8728,2.448,5318129,372556045.8,1.57777850712e+11,15615479528.0
2019-05-27,'300750,宁德时代,69.2,69.64,67.68,67.99,67.85,1.35,1.9897,2.0111,4369021,300432177.9,1.5189520408e+11,15033266323.6
2019-05-24,'300750,宁德时代,67.85,68.2,66.99,67.82,67.48,0.37,0.5483,1.3492,2931112,198625492.24,1.4893193059e+11,14739987284.0
2019-05-23,'300750,宁德时代,67.48,69.25,67.3,68.8,69.37,-1.89,-2.7245,2.0262,4401686,298347370.19,1.48119774152e+11,14659607102.8
2019-05-22,'300750,宁德时代,69.37,70.92,69.25,70.72,70.15,-0.78,-1.1119,1.2808,2782387,194769381.74,1.52268357038e+11,15070197758.2
2019-05-21,'300750,宁德时代,70.15,71.18,69.88,70.22,69.69,0.46,0.6601,1.4707,3194938,225101966.36,1.5398047061e+11,15239647870.0
2019-05-20,'300750,宁德时代,69.69,72.08,67.89,71.37,72.25,-2.56,-3.5433,2.0823,4523747,315226938.03,1.52970762606e+11,15139715752.8
2019-05-17,'300750,宁德时代,72.25,74.71,71.92,74.71,74.33,-2.08,-2.7983,1.6573,3600307,263549587.87,1.5859000715e+11,15695859709.2
2019-05-16,'300750,宁德时代,74.33,74.84,73.9,74.8,74.98,-0.65,-0.8669,1.7203,3737156,277622386.84,1.63155643342e+11,16147726673.9
2019-05-15,'300750,宁德时代,74.98,75.15,72.5,72.5,72.16,2.82,3.908,3.0471,6619534,491578062.86,1.64582404652e+11,16288935100.3
2019-05-14,'300750,宁德时代,72.16,73.2,71.91,71.92,71.59,0.57,0.7962,1.9945,4332993,313815476.7,1.58392455584e+11,15676307773.3
2019-05-13,'300750,宁德时代,71.59,73.26,71.26,73.05,74.1,-2.51,-3.3873,2.1325,4632721,334093982.62,1.57141295666e+11,15552478845.5
2019-05-10,'300750,宁德时代,74.1,74.49,70.72,73.48,72.7,1.4,1.9257,2.4891,5407424,396995566.08,1.6265078934e+11,16097760615.3
2019-05-09,'300750,宁德时代,72.7,75.09,72.63,74.0,74.61,-1.91,-2.56,2.2157,4813423,353504942.68,1.5957776498e+11,15793619389.1
2019-05-08,'300750,宁德时代,74.61,76.17,73.7,74.9,75.85,-1.24,-1.6348,1.6109,3499581,261613986.37,1.63770248214e+11,16208554919.1
2019-05-07,'300750,宁德时代,75.85,77.42,75.62,76.0,75.7,0.15,0.1982,1.7087,3711940,283552904.9,1.6649206979e+11,16477937148.0
2019-05-06,'300750,宁德时代,75.7,77.66,75.06,76.87,79.76,-4.06,-5.0903,3.0119,6543106,499354099.44,1.6616281718e+11,16445350588.1
2019-04-30,'300750,宁德时代,79.76,80.58,79.15,79.8,79.78,-0.02,-0.0251,1.4311,3109077,248280438.38,1.75074587824e+11,17327360144.1
2019-04-29,'300750,宁德时代,79.78,81.37,79.15,80.99,79.35,0.43,0.5419,2.2041,4788277,383749258.05,1.75118488172e+11,17331705018.7
2019-04-26,'300750,宁德时代,79.35,80.35,78.98,79.0,79.1,0.25,0.3161,1.6073,3491801,278261724.69,1.7417463069e+11,17238290213.5
2019-04-25,'300750,宁德时代,79.1,80.86,78.1,78.59,79.78,-0.68,-0.8523,2.4384,5297314,422497288.39,1.7362587634e+11,17183979280.3
2019-04-24,'300750,宁德时代,79.78,79.86,77.4,78.18,78.17,1.61,2.0596,2.3634,5134374,404380493.91,1.75118488172e+11,17331705018.7
2019-04-23,'300750,宁德时代,78.17,80.65,75.01,80.5,81.23,-3.06,-3.7671,5.3055,11525936,898901903.21,1.71584510158e+11,16981942608.6
2019-04-22,'300750,宁德时代,81.23,83.6,81.03,83.21,83.2,-1.97,-2.3678,3.0607,6649229,543402295.03,1.78301263402e+11,17646708431.6
2019-04-19,'300750,宁德时代,83.2,84.99,82.9,84.52,84.65,-1.45,-1.7129,2.8985,6296775,524874428.75,1.8262544768e+11,18074678585.6
2019-04-18,'300750,宁德时代,84.65,86.3,84.42,86.12,86.11,-1.46,-1.6955,3.2506,7061781,601487607.49,1.8580822291e+11,18389681998.5
2019-04-17,'300750,宁德时代,86.11,86.28,83.5,83.5,82.27,3.84,4.6676,9.4366,20500478,1752514963.72,1.89012948314e+11,18706857848.6
2019-04-16,'300750,宁德时代,82.27,82.27,80.37,80.5,80.97,1.3,1.6055,2.6324,5718722,464852034.21,1.80584081498e+11,17872641913.9
2019-04-15,'300750,宁德时代,80.97,83.01,80.95,82.8,81.98,-1.01,-1.232,2.7596,5995060,491053132.17,1.77730558878e+11,17590225061.0
2019-04-12,'300750,宁德时代,81.98,82.61,80.91,80.92,80.72,1.26,1.561,2.7323,5935673,486028531.12,1.79947526452e+11,17809641231.3
2019-04-11,'300750,宁德时代,80.72,82.6,80.58,82.25,82.24,-1.52,-1.8482,4.1215,8953765,728469344.87,1.77181804528e+11,17535914127.8
2019-04-10,'300750,宁德时代,82.24,83.81,81.7,83.81,83.91,-1.67,-1.9902,4.9902,10840837,890277783.11,1.80518230976e+11,17866124601.9
2019-04-09,'300750,宁德时代,83.91,85.25,82.9,84.76,82.29,1.62,1.9686,5.4972,11942266,1003599920.67,1.84183910034e+11,18228921636.0
2019-04-08,'300750,宁德时代,82.29,84.9,81.1,84.71,84.17,-1.88,-2.2336,5.237,11376979,941060713.62,1.80627981846e+11,17876986788.6
2019-04-04,'300750,宁德时代,84.17,85.16,84.0,84.63,84.48,-0.31,-0.367,3.0747,6679609,564517873.78,1.84754614558e+11,18285405006.6
2019-04-03,'300750,宁德时代,84.48,85.2,83.88,84.8,84.98,-0.5,-0.5884,3.3069,7184038,605819178.35,1.85435069952e+11,18352750563.8
2019-04-02,'300750,宁德时代,84.98,86.43,84.33,86.35,86.35,-1.37,-1.5866,4.7142,10241327,869961308.93,1.86532578652e+11,18461372430.3
2019-04-01,'300750,宁德时代,86.35,86.96,85.0,85.16,85.0,1.35,1.5882,4.2529,9239090,794157526.95,1.8953975249e+11,18758996344.5
2019-03-29,'300750,宁德时代,85.0,85.0,82.65,83.42,83.2,1.8,2.1635,3.2793,7124126,598855278.82,1.86576479e+11,18465717305.0
2019-03-28,'300750,宁德时代,83.2,84.36,82.1,83.34,83.41,-0.21,-0.2518,2.6961,5857193,487897668.45,1.8262544768e+11,18074678585.6
2019-03-27,'300750,宁德时代,83.41,86.54,82.3,85.5,85.3,-1.89,-2.2157,4.3693,9492122,795590922.77,1.83086401334e+11,18120299769.5
2019-03-26,'300750,宁德时代,85.3,88.49,84.9,88.02,89.0,-3.7,-4.1573,4.4741,9719783,836361947.69,1.8723498422e+11,18530890424.9
2019-03-25,'300750,宁德时代,89.0,90.58,87.02,87.97,86.58,2.42,2.7951,5.9798,12990646,1158349085.37,1.953565486e+11,19334692237.0
2019-03-22,'300750,宁德时代,86.58,87.12,85.21,87.12,87.12,-0.54,-0.6198,2.7706,6018992,518360062.88,1.90044606492e+11,18808962403.1
2019-03-21,'300750,宁德时代,87.12,88.4,85.95,87.0,87.17,-0.05,-0.0574,3.7451,8135960,707343505.65,1.91229915888e+11,18926274019.0
2019-03-20,'300750,宁德时代,87.17,88.5,85.82,88.5,88.6,-1.43,-1.614,4.0572,8814118,764749351.63,1.91339666758e+11,18937136205.6
2019-03-19,'300750,宁德时代,88.6,91.88,88.0,89.15,89.28,-0.68,-0.7616,3.138,6817028,611077097.97,1.9447854164e+11,19247794743.8
2019-03-18,'300750,宁德时代,89.28,90.0,87.9,89.89,89.83,-0.55,-0.6123,3.3491,7275762,646068126.87,1.95971153472e+11,19395520482.2
2019-03-15,'300750,宁德时代,89.83,91.4,88.97,90.01,88.95,0.88,0.9893,3.6004,7821543,707054564.9,1.97178413042e+11,19515004535.4
2019-03-14,'300750,宁德时代,88.95,90.48,87.32,87.98,88.08,0.87,0.9877,3.6745,7982575,710913722.99,1.9524679773e+11,19323830050.3
2019-03-13,'300750,宁德时代,88.08,90.99,87.71,90.99,91.07,-2.99,-3.2832,3.4881,7577721,674377765.3,1.93337132592e+11,19134828002.6
2019-03-12,'300750,宁德时代,91.07,93.85,89.21,91.6,87.92,3.15,3.5828,6.7958,14763435,1352038771.48,1.99900234618e+11,19784386764.3
2019-03-11,'300750,宁德时代,87.92,88.18,84.55,84.73,84.97,2.95,3.4718,4.3061,9354658,813096537.5,1.92985929808e+11,19100069005.4
2019-03-08,'300750,宁德时代,84.97,88.3,84.72,86.0,87.89,-2.92,-3.3223,5.0955,11069663,951944818.31,1.86510628478e+11,18459199993.0
2019-03-07,'300750,宁德时代,87.89,90.85,86.68,90.85,91.2,-3.31,-3.6294,6.3096,13707148,1210805141.47,1.92920079286e+11,19093551693.4
2019-03-06,'300750,宁德时代,91.2,93.8,89.38,93.12,92.6,-1.4,-1.5119,4.8024,10432922,949501268.65,2.0018558688e+11,19812628449.6
2019-03-05,'300750,宁德时代,92.6,92.98,91.2,92.38,92.39,0.21,0.2273,3.9659,8615692,793012158.99,2.0325861124e+11,20116769675.8
2019-03-04,'300750,宁德时代,92.39,95.16,90.73,91.5,90.03,2.36,2.6213,6.4614,14036947,1306102150.1,2.02797657586e+11,20071148491.9
2019-03-01,'300750,宁德时代,90.03,92.88,89.4,91.1,87.7,2.33,2.6568,4.4279,9619284,873963510.04,1.97617416522e+11,19558453282.0
2019-02-28,'300750,宁德时代,87.7,89.18,86.01,86.01,86.05,1.65,1.9175,3.3326,7239918,637896402.79,1.9250302598e+11,19052275384.1
2019-02-27,'300750,宁德时代,86.05,89.39,85.3,87.7,88.5,-2.45,-2.7684,4.1906,9103790,795251089.99,1.8888124727e+11,18693823224.7
2019-02-26,'300750,宁德时代,88.5,90.8,87.68,90.0,91.32,-2.82,-3.088,5.2127,11324211,1009210794.58,1.942590399e+11,19226070370.5
2019-02-25,'300750,宁德时代,91.32,91.66,85.77,85.77,84.37,6.95,8.2375,7.094,15411302,1380347010.06,2.00448988968e+11,19838697697.6
2019-02-22,'300750,宁德时代,84.37,85.3,82.11,83.0,83.33,1.04,1.248,4.1244,8960036,752183500.54,1.85193618038e+11,18328853753.2
2019-02-21,'300750,宁德时代,83.33,84.87,82.3,82.7,83.17,0.16,0.1924,3.7878,8228772,690870555.82,1.82910799942e+11,18102920270.9
2019-02-20,'300750,宁德时代,83.17,84.5,82.1,82.8,82.29,0.88,1.0694,2.7929,6067442,506750853.8,1.82559597158e+11,18068161273.6
2019-02-19,'300750,宁德时代,82.29,84.78,81.8,84.66,84.46,-2.17,-2.5693,4.3388,9425786,782086064.52,1.80627981846e+11,17876986788.6
2019-02-18,'300750,宁德时代,84.46,84.88,82.56,83.15,82.42,2.04,2.4751,4.041,8778720,735318290.16,1.85391169604e+11,18348405689.2
2019-02-15,'300750,宁德时代,82.42,86.0,82.4,84.4,84.72,-2.3,-2.7148,4.8403,10515313,880799439.67,1.80913334108e+11,17905228473.9
2019-02-14,'300750,宁德时代,84.72,88.88,81.35,81.5,81.7,3.02,3.6965,5.8567,12723314,1084873164.69,1.85961874128e+11,18404889059.8
2019-02-13,'300750,宁德时代,81.7,83.57,80.37,80.8,81.0,0.7,0.8642,3.626,7877177,647619276.48,1.7933292158e+11,17748812986.1
2019-02-12,'300750,宁德时代,81.0,81.6,80.03,80.5,81.0,0.0,0.0,2.2966,4989121,402647822.9,1.777964094e+11,17596742373.0
2019-02-11,'300750,宁德时代,81.0,81.38,78.98,78.99,78.4,2.6,3.3163,3.8405,8343327,670709803.98,1.777964094e+11,17596742373.0
2019-02-01,'300750,宁德时代,78.4,79.17,76.2,76.67,76.12,2.28,2.9953,2.8606,6214411,483480057.27,1.7208936416e+11,17031908667.2
2019-01-31,'300750,宁德时代,76.12,77.77,76.05,76.27,76.2,-0.08,-0.105,2.0312,4412755,339614007.96,1.67084724488e+11,16536592956.0
2019-01-30,'300750,宁德时代,76.2,77.36,73.61,74.33,76.68,-0.48,-0.626,3.548,7707782,583430175.04,1.6726032588e+11,16553972454.6
2019-01-29,'300750,宁德时代,76.68,77.39,74.1,76.26,76.07,0.61,0.8019,2.4103,5236313,395374218.95,1.68313934232e+11,16658249446.4
2019-01-28,'300750,宁德时代,76.07,78.26,76.02,78.1,77.44,-1.37,-1.7691,2.1307,4628893,355879562.15,1.66974973618e+11,16525730769.3
2019-01-25,'300750,宁德时代,77.44,78.79,75.17,75.64,75.17,2.27,3.0198,4.1976,9118956,707431983.52,1.69982147456e+11,16823354683.5
2019-01-24,'300750,宁德时代,75.17,75.86,74.7,75.0,75.44,-0.27,-0.3579,1.7485,3798418,286305027.7,1.64999457958e+11,16330211409.6
2019-01-23,'300750,宁德时代,75.44,75.66,74.01,74.26,74.27,1.17,1.5753,2.2485,4884798,367089066.62,1.65592112656e+11,16388867217.5
2019-01-22,'300750,宁德时代,74.27,75.67,74.03,75.0,75.24,-0.97,-1.2892,1.9604,4258858,318440028.12,1.63023942298e+11,16134692049.9
2019-01-21,'300750,宁德时代,75.24,75.63,74.26,75.03,75.4,-0.16,-0.2122,2.4126,5241159,392168954.03,1.65153109176e+11,16345418470.9
2019-01-18,'300750,宁德时代,75.4,77.16,74.0,77.16,76.66,-1.26,-1.6436,2.9938,6503927,488797282.63,1.6550431196e+11,16380177468.2
2019-01-17,'300750,宁德时代,76.66,77.69,76.41,76.95,76.67,-0.01,-0.013,1.7118,3718809,286721586.88,1.68270033884e+11,16653904571.8
2019-01-16,'300750,宁德时代,76.67,77.2,76.41,76.9,77.37,-0.7,-0.9047,1.1848,2573862,197749843.26,1.68291984058e+11,16656077009.1
2019-01-15,'300750,宁德时代,77.37,77.48,74.85,76.0,76.08,1.29,1.6956,2.7037,5873635,448317233.92,1.69828496238e+11,16808147622.2
2019-01-14,'300750,宁德时代,76.08,76.33,74.3,75.3,75.29,0.79,1.0493,2.232,4848795,366505969.91,1.66996923792e+11,16527903206.6
2019-01-11,'300750,宁德时代,75.29,76.75,74.8,76.6,76.28,-0.99,-1.2979,2.8248,6136703,463701250.73,1.65262860046e+11,16356280657.6
2019-01-10,'300750,宁德时代,76.28,77.85,76.02,77.64,77.98,-1.7,-2.18,3.864,8394273,644858368.73,1.67435927272e+11,16571351953.2
2019-01-09,'300750,宁德时代,77.98,78.21,75.18,77.0,79.33,-1.35,-1.7018,5.6986,12379879,952624089.74,1.71167456852e+11,16940666299.3
2019-01-08,'300750,宁德时代,79.33,79.45,77.2,77.22,77.42,1.91,2.4671,3.9472,8574990,674107579.22,1.74130730342e+11,17233945338.9
2019-01-07,'300750,宁德时代,77.42,77.65,76.3,76.94,76.96,0.46,0.5977,2.7479,5969559,460577318.22,1.69938247108e+11,16819009808.9
2019-01-04,'300750,宁德时代,76.96,77.24,73.23,73.33,73.83,3.13,4.2395,3.6389,7905331,602100011.48,1.68928539104e+11,16719077691.7
2019-01-03,'300750,宁德时代,73.83,74.54,72.51,72.51,73.66,0.17,0.2308,2.0691,4494903,332238737.63,1.62058134642e+11,16039104807.4
2019-01-02,'300750,宁德时代,73.66,74.97,73.53,74.25,73.8,-0.14,-0.1897,2.0227,4394096,326259378.56,1.61684981684e+11,16002173372.8
2018-12-28,'300750,宁德时代,73.8,76.62,73.8,75.69,75.78,-1.98,-2.6128,2.5912,5629239,424092160.76,1.6199228412e+11,16032587495.4
2018-12-27,'300750,宁德时代,75.78,77.48,75.78,77.2,75.9,-0.12,-0.1581,2.247,4881471,373262649.26,1.66338418572e+11,16462730086.7
2018-12-26,'300750,宁德时代,75.9,77.9,75.53,77.2,77.2,-1.3,-1.6839,2.2672,4925282,376715930.85,1.6660182066e+11,16488799334.7
2018-12-25,'300750,宁德时代,77.2,77.74,75.65,77.04,78.03,-0.83,-1.0637,3.0327,6588306,504970961.65,1.6945534328e+11,16771216187.6
2018-12-24,'300750,宁德时代,78.03,79.24,77.01,77.68,78.5,-0.47,-0.5987,2.7337,5938803,463915421.24,1.71277207722e+11,16951528486.0
2018-12-21,'300750,宁德时代,78.5,78.5,75.6,77.54,77.34,1.16,1.4999,4.0847,8873743,681882662.49,1.723088659e+11,17053633040.5
2018-12-20,'300750,宁德时代,77.34,79.39,76.23,79.38,79.5,-2.16,-2.717,4.499,9773738,757316340.93,1.69762645716e+11,16801630310.2
2018-12-19,'300750,宁德时代,79.5,81.7,78.34,79.16,79.55,-0.05,-0.0629,3.2648,7092653,567762540.47,1.745038833e+11,17270876773.5
2018-12-18,'300750,宁德时代,79.55,80.59,78.68,79.0,80.16,-0.61,-0.761,2.2489,4885589,388830542.63,1.7461363417e+11,17281738960.2
2018-12-17,'300750,宁德时代,80.16,80.49,77.0,78.8,79.34,0.82,1.0335,3.1598,6864481,540779216.28,1.75952594784e+11,17414257637.3
2018-12-14,'300750,宁德时代,79.34,82.48,79.31,81.93,82.11,-2.77,-3.3735,3.2639,7090513,573225336.26,1.74152680516e+11,17236117776.2
2018-12-13,'300750,宁德时代,82.11,82.27,80.58,81.92,81.5,0.61,0.7485,3.3347,7244428,591252237.28,1.80232878714e+11,17837882916.6
2018-12-12,'300750,宁德时代,81.5,81.98,79.0,79.34,78.56,2.94,3.7424,4.3603,9472483,767328382.41,1.788939181e+11,17705364239.5
2018-12-11,'300750,宁德时代,78.56,79.18,77.82,78.5,78.29,0.27,0.3449,1.5881,3450062,270881623.5,1.72440566944e+11,17066667664.5
2018-12-10,'300750,宁德时代,78.29,80.37,76.8,79.45,79.7,-1.41,-1.7691,3.5015,7606831,593846045.77,1.71847912246e+11,17008011856.6
2018-12-07,'300750,宁德时代,79.7,80.46,79.18,79.18,79.01,0.69,0.8733,2.5971,5642133,450938752.21,1.7494288678e+11,17314325520.1
2018-12-06,'300750,宁德时代,79.01,82.28,79.0,80.8,81.37,-2.36,-2.9003,5.2408,11385399,917634576.88,1.73428324774e+11,17164427344.3
2018-12-05,'300750,宁德时代,81.37,82.6,80.6,81.0,82.3,-0.93,-1.13,3.4024,7391554,602269929.5,1.78608565838e+11,17677122554.2
2018-12-04,'300750,宁德时代,82.3,83.08,80.04,80.2,80.85,1.45,1.7934,4.4096,9579665,785692897.38,1.8064993202e+11,17879159225.9
2018-12-03,'300750,宁德时代,80.85,83.49,80.56,82.52,80.03,0.82,1.0246,5.8208,12645226,1034073820.42,1.7746715679e+11,17564155813.0
2018-11-30,'300750,宁德时代,80.03,80.99,78.01,78.01,78.03,2.0,2.5631,4.1739,9067577,724258624.09,1.75667242522e+11,17386015952.0
2018-11-29,'300750,宁德时代,78.03,81.5,78.03,79.5,78.68,-0.65,-0.8261,4.4817,9736251,778202196.45,1.71277207722e+11,16951528486.0
2018-11-28,'300750,宁德时代,78.68,79.48,75.25,75.75,75.6,3.08,4.0741,4.5658,9918840,772880029.99,1.72703969032e+11,17092736912.4
2018-11-27,'300750,宁德时代,75.6,76.85,73.76,74.68,74.62,0.98,1.3133,3.661,7953332,599419287.5,1.6594331544e+11,16423626214.8
2018-11-26,'300750,宁德时代,74.62,74.88,72.8,73.8,73.98,0.64,0.8651,3.503,7610013,561073991.21,1.63792198388e+11,16210727356.5
2018-11-23,'300750,宁德时代,73.98,77.95,73.9,77.91,77.91,-3.93,-5.0443,4.789,10403744,782322413.3,1.62387387252e+11,16071691367.3
2018-11-22,'300750,宁德时代,77.91,79.44,77.6,78.2,78.65,-0.74,-0.9409,1.8743,4071768,318546094.11,1.71013805634e+11,16925459238.0
2018-11-21,'300750,宁德时代,78.65,79.75,76.5,77.5,77.77,0.88,1.1315,3.3671,7314829,573993355.1,1.7263811851e+11,17086219600.5
2018-11-20,'300750,宁德时代,77.77,79.2,77.56,78.71,79.35,-1.58,-1.9912,3.5546,7722096,603966808.87,1.70706503198e+11,16895045115.4
2018-11-19,'300750,宁德时代,79.35,81.48,79.0,79.59,80.11,-0.76,-0.9487,3.3414,7259001,579343248.6,1.7417463069e+11,17238290213.5
2018-11-16,'300750,宁德时代,80.11,81.76,78.62,81.68,81.35,-1.24,-1.5243,4.5154,9809408,785031529.91,1.75842843914e+11,17403395450.6
2018-11-15,'300750,宁德时代,81.35,82.2,79.9,80.41,81.0,0.35,0.4321,3.4877,7576857,614559636.64,1.7856466549e+11,17672777679.5
2018-11-14,'300750,宁德时代,81.0,83.0,79.75,80.41,81.63,-0.63,-0.7718,4.9671,10790715,873812068.74,1.777964094e+11,17596742373.0
2018-11-13,'300750,宁德时代,81.63,82.51,79.8,82.0,83.25,-1.62,-1.9459,6.5765,14287007,1158416128.03,1.79179270362e+11,17733605924.8
2018-11-12,'300750,宁德时代,83.25,83.8,76.7,77.0,77.75,5.5,7.074,6.854,14889918,1205794048.38,1.8273519855e+11,18085540772.2
2018-11-09,'300750,宁德时代,77.75,79.05,76.66,77.0,77.31,0.44,0.5691,2.7913,6063937,473740955.36,1.7066260285e+11,16890700240.8
2018-11-08,'300750,宁德时代,77.31,80.38,76.89,79.84,79.04,-1.73,-2.1888,3.7032,8044866,630122240.72,1.69696795194e+11,16795112998.2
2018-11-07,'300750,宁德时代,79.04,82.38,78.21,80.2,81.57,-2.53,-3.1016,5.827,12658732,1013339456.92,1.73494175296e+11,17170944656.3
2018-11-06,'300750,宁德时代,81.57,82.4,76.0,79.03,79.39,2.18,2.7459,5.6001,12165834,954114789.62,1.79047569318e+11,17720571300.8
2018-11-05,'300750,宁德时代,79.39,82.48,77.8,78.48,78.48,0.91,1.1595,6.0133,13063517,1045459980.22,1.74262431386e+11,17246979962.9
2018-11-02,'300750,宁德时代,78.48,78.63,76.05,76.14,73.61,4.87,6.6159,6.309,13705894,1059238488.75,1.72264965552e+11,17049288165.8
2018-11-01,'300750,宁德时代,73.61,76.82,73.21,75.2,74.5,-0.89,-1.1946,4.4761,9723959,733949879.51,1.61575230814e+11,15991311186.1
2018-10-31,'300750,宁德时代,74.5,77.43,74.2,75.29,75.0,-0.5,-0.6667,4.5085,9794351,743436076.36,1.635287963e+11,16184658108.5
2018-10-30,'300750,宁德时代,75.0,75.35,69.88,70.65,70.76,4.24,5.9921,5.9323,12887554,939263219.43,1.64626305e+11,16293279975.0
2018-10-29,'300750,宁德时代,70.76,75.4,70.6,74.94,74.6,-3.84,-5.1475,5.8551,12719771,923032362.85,1.55319431224e+11,15372166547.1
2018-10-26,'300750,宁德时代,74.6,80.69,73.01,80.69,80.91,-6.31,-7.7988,8.1437,17691702,1361043435.26,1.6374829804e+11,16206382481.8
2018-10-25,'300750,宁德时代,80.91,81.58,74.51,75.0,77.0,3.91,5.0779,6.1554,13372207,1042168318.12,1.77598857834e+11,17577190437.0
2018-10-24,'300750,宁德时代,77.0,79.47,76.12,77.84,78.0,-1.0,-1.2821,4.6228,10042803,782578265.45,1.690163398e+11,16727767441.0
2018-10-23,'300750,宁德时代,78.0,79.96,76.1,78.1,79.1,-1.1,-1.3906,5.8628,12736627,987704573.63,1.712113572e+11,16945011174.0
2018-10-22,'300750,宁德时代,79.1,81.1,74.09,74.09,73.77,5.33,7.2252,8.3346,18106362,1408026234.51,1.7362587634e+11,17183979280.3
2018-10-19,'300750,宁德时代,73.77,74.26,67.01,67.01,68.03,5.74,8.4375,6.502,14125112,1008056887.01,1.61926433598e+11,16026070183.4
2018-10-18,'300750,宁德时代,68.03,71.4,65.52,68.7,70.0,-1.97,-2.8143,4.9764,10810902,741423984.5,1.49327033722e+11,14779091156.0
2018-10-17,'300750,宁德时代,70.0,71.78,69.21,69.77,68.85,1.15,1.6703,6.5512,14232165,1000278466.89,1.53651218e+11,15207061310.0
2018-10-16,'300750,宁德时代,68.85,70.36,67.94,70.0,69.15,-0.3,-0.4338,4.8113,10452197,723312823.38,1.5112694799e+11,14957231017.0
2018-10-15,'300750,宁德时代,69.15,69.15,67.88,68.8,62.86,6.29,10.0064,9.1149,19801487,1362852724.07,1.5178545321e+11,15022404137.0
2018-10-12,'300750,宁德时代,62.86,63.16,60.38,60.45,60.45,2.41,3.9868,3.9588,8600315,531900783.14,1.37978793764e+11,13655941056.4
2018-10-11,'300750,宁德时代,60.45,63.47,59.51,61.88,64.9,-4.45,-6.8567,5.8964,12809465,785418488.81,1.3268880183e+11,13132383659.9
2018-10-10,'300750,宁德时代,64.9,65.8,63.6,65.61,64.9,0.0,0.0,3.2973,7163213,464126636.76,1.4245662926e+11,14099118271.7
2018-10-09,'300750,宁德时代,64.9,69.16,64.1,68.91,68.45,-3.55,-5.1863,6.1633,13389377,888448838.14,1.4245662926e+11,14099118271.7
2018-10-08,'300750,宁德时代,68.45,71.88,67.8,71.88,73.0,-4.55,-6.2329,6.0378,13116724,915229219.86,1.5024894103e+11,14870333523.9
2018-09-28,'300750,宁德时代,73.0,75.09,72.11,72.11,72.55,0.45,0.6203,5.4874,11921098,880458280.35,1.602362702e+11,15858792509.0
2018-09-27,'300750,宁德时代,72.55,74.95,71.7,72.25,72.89,-0.34,-0.4665,6.3038,13694667,1005558177.34,1.5924851237e+11,15761032829.1
2018-09-26,'300750,宁德时代,72.89,73.5,68.66,68.66,68.33,4.56,6.6735,7.3933,16061574,1149820351.09,1.59994818286e+11,15834895698.4
2018-09-25,'300750,宁德时代,68.33,69.3,67.71,68.4,69.19,-0.86,-1.243,1.9352,4204191,287948499.44,1.49985538942e+11,14844264275.9
2018-09-21,'300750,宁德时代,69.19,69.9,67.86,68.63,67.99,1.2,1.765,3.5666,7748207,535412407.32,1.51873253906e+11,15031093886.3
2018-09-20,'300750,宁德时代,67.99,69.9,67.01,67.01,67.33,0.66,0.9802,4.6955,10200717,703066410.14,1.49239233026e+11,14770401406.7
2018-09-19,'300750,宁德时代,67.33,68.56,65.45,65.99,66.36,0.97,1.4617,4.3742,9502594,637368899.65,1.47790521542e+11,14627020542.9
2018-09-18,'300750,宁德时代,66.36,66.41,62.99,63.0,63.71,2.65,4.1595,3.5855,7789233,505525626.44,1.4416291932e+11,14416294121.9
2018-09-17,'300750,宁德时代,63.71,65.48,63.59,64.57,65.9,-2.19,-3.3232,3.2827,7131416,460645757.55,1.3840596127e+11,13840598229.4
2018-09-14,'300750,宁德时代,65.9,69.0,65.86,66.3,64.8,1.1,1.6975,7.2876,15831828,1068356171.17,1.431635983e+11,14316362004.7
2018-09-13,'300750,宁德时代,64.8,66.1,63.39,65.64,64.5,0.3,0.4651,4.535,9852036,637747213.66,1.407739176e+11,14077393898.4
2018-09-12,'300750,宁德时代,64.5,65.25,62.61,62.8,62.57,1.93,3.0845,5.5771,12115986,779904478.88,1.401221865e+11,14012220778.5
2018-09-11,'300750,宁德时代,62.57,63.16,61.4,61.4,61.35,1.22,1.9886,3.0516,6629327,413926189.54,1.3592938309e+11,13592940373.8
2018-09-10,'300750,宁德时代,61.35,63.79,61.0,63.56,63.32,-1.97,-3.1112,3.0128,6545100,404054151.53,1.3327900995e+11,13327903019.5
2018-09-07,'300750,宁德时代,63.32,64.88,62.21,62.49,61.84,1.48,2.3933,5.8683,12748586,813256860.65,1.3755871084e+11,13755873173.6
2018-09-06,'300750,宁德时代,61.84,62.65,60.32,60.6,61.39,0.45,0.733,4.0756,8854073,547542957.37,1.3434350408e+11,13434352448.7
2018-09-05,'300750,宁德时代,61.39,63.98,61.39,63.6,63.85,-2.46,-3.8528,4.4601,9689281,604400369.05,1.3336590743e+11,13336592768.9
2018-09-04,'300750,宁德时代,63.85,64.25,62.76,63.2,63.26,0.59,0.9327,3.7136,8067558,512634921.2,1.3871010245e+11,13871012352.0
2018-09-03,'300750,宁德时代,63.26,64.8,61.0,64.8,65.5,-2.24,-3.4198,7.3239,15910805,998632539.93,1.3742836462e+11,13742838549.6
2018-08-31,'300750,宁德时代,65.5,69.2,65.01,68.49,69.99,-4.49,-6.4152,7.3195,15901213,1072916773.79,1.422946235e+11,14229464511.5
2018-08-30,'300750,宁德时代,69.99,74.0,69.63,73.19,73.02,-3.03,-4.1495,6.2979,13681809,979226463.1,1.5204886563e+11,15204888872.7
2018-08-29,'300750,宁德时代,73.02,73.5,71.81,72.6,73.01,0.01,0.0137,4.7568,10333837,749871852.17,1.5863134974e+11,15863137383.7
2018-08-28,'300750,宁德时代,73.01,74.32,70.4,70.61,70.46,2.55,3.6191,8.6603,18813962,1362031257.34,1.5860962537e+11,15860964946.3
2018-08-27,'300750,宁德时代,70.46,70.98,67.89,68.58,68.8,1.66,2.4128,5.945,12915092,900979594.97,1.5306991102e+11,15306993427.2
2018-08-24,'300750,宁德时代,68.8,71.2,67.7,67.81,69.1,-0.3,-0.4342,6.1502,13360932,931622755.9,1.494636656e+11,14946368830.4
2018-08-23,'300750,宁德时代,69.1,69.65,67.08,67.65,67.47,1.63,2.4159,5.6127,12193136,835080332.41,1.501153967e+11,15011541950.3
2018-08-22,'300750,宁德时代,67.47,70.25,67.21,69.06,69.57,-2.1,-3.0185,4.1428,8999917,617772713.83,1.4657432439e+11,14657434665.5
2018-08-21,'300750,宁德时代,69.57,70.78,68.02,68.97,68.95,0.62,0.8992,4.6993,10208839,709924230.93,1.5113644209e+11,15113646504.8
2018-08-20,'300750,宁德时代,68.95,69.11,66.0,67.88,68.16,0.79,1.159,5.028,10922929,739769193.6,1.4978953115e+11,14978955390.4
2018-08-17,'300750,宁德时代,68.16,70.51,68.1,69.9,68.99,-0.83,-1.2031,3.786,8224837,570722229.15,1.4807330592e+11,14807332841.3
2018-08-16,'300750,宁德时代,68.99,69.88,66.21,68.0,69.11,-0.12,-0.1736,4.9324,10715293,733358634.73,1.4987642863e+11,14987645139.7
2018-08-15,'300750,宁德时代,69.11,72.03,69.0,70.98,71.57,-2.46,-3.4372,5.9457,12916705,905177224.1,1.5013712107e+11,15013714387.6
2018-08-14,'300750,宁德时代,71.57,73.89,71.44,73.8,74.01,-2.44,-3.2969,5.4021,11735618,847545777.65,1.5548131609e+11,15548133970.8
2018-08-13,'300750,宁德时代,74.01,74.19,72.03,73.0,74.44,-0.43,-0.5776,5.0402,10949557,800760025.76,1.6078206237e+11,16078208679.3
2018-08-10,'300750,宁德时代,74.44,74.49,73.02,73.6,74.06,0.38,0.5131,5.3736,11673860,862092551.3,1.6171621028e+11,16171623484.5
2018-08-09,'300750,宁德时代,74.06,75.66,70.3,71.4,71.52,2.54,3.5515,8.5042,18474864,1364797399.79,1.6089068422e+11,16089070866.0
2018-08-08,'300750,宁德时代,71.52,73.58,71.11,73.5,73.79,-2.27,-3.0763,6.7992,14770817,1067594665.9,1.5537269424e+11,15537271784.2
2018-08-07,'300750,宁德时代,73.79,74.46,70.0,70.48,69.65,4.14,5.944,9.1901,19964947,1445537173.05,1.6030412623e+11,16030415058.1
2018-08-06,'300750,宁德时代,69.65,71.08,67.6,69.0,69.6,0.05,0.0718,7.2301,15706945,1096989857.83,1.5131023705e+11,15131026003.5
2018-08-03,'300750,宁德时代,69.6,73.14,68.66,71.76,72.56,-2.96,-4.0794,7.9583,17288867,1223071469.51,1.512016152e+11,15120163816.8
2018-08-02,'300750,宁德时代,72.56,73.29,70.05,70.4,71.42,1.14,1.5962,9.1388,19853529,1429095207.76,1.5763202872e+11,15763205266.5
2018-08-01,'300750,宁德时代,71.42,73.63,71.02,72.0,72.22,-0.8,-1.1077,8.2551,17933649,1298707855.01,1.5515545054e+11,15515547410.9
2018-07-31,'300750,宁德时代,72.22,76.79,70.51,76.78,76.85,-4.63,-6.0247,12.9478,28128307,2055880224.98,1.5689340014e+11,15689342397.3
2018-07-30,'300750,宁德时代,76.85,77.34,75.0,76.5,76.05,0.8,1.0519,8.3049,18041846,1377263289.26,1.6695178345e+11,16695180881.0
2018-07-27,'300750,宁德时代,76.05,78.64,75.67,78.0,78.2,-2.15,-2.7494,10.4995,22809584,1748397062.28,1.6521383385e+11,16521385894.6
2018-07-26,'300750,宁德时代,78.2,82.6,76.6,80.5,82.59,-4.39,-5.3154,18.0843,39286999,3115796617.37,1.698845734e+11,16988459920.6
2018-07-25,'300750,宁德时代,82.59,95.08,82.59,91.0,91.77,-9.18,-10.0033,21.0452,45719348,4027958763.72,1.7942157183e+11,17942159908.5
2018-07-24,'300750,宁德时代,91.77,92.96,87.5,88.5,88.62,3.15,3.5545,12.1988,26501025,2395962685.56,1.9936454349e+11,19936457377.4
2018-07-23,'300750,宁德时代,88.62,90.54,87.55,89.0,90.93,-2.31,-2.5404,11.5144,25014352,2223986140.57,1.9252136694e+11,19252139618.5
2018-07-20,'300750,宁德时代,90.93,91.18,82.01,82.5,82.89,8.04,9.6996,19.6533,42695635,3750334637.77,1.9753969641e+11,19753972641.7
2018-07-19,'300750,宁德时代,82.89,85.15,80.67,82.0,82.28,0.61,0.7414,11.5421,25074483,2089886953.76,1.8007330293e+11,18007333028.4
2018-07-18,'300750,宁德时代,82.28,84.37,80.11,82.28,82.28,0.0,0.0,12.4808,27113839,2233771784.96,1.7874811636e+11,17874814351.2
2018-07-17,'300750,宁德时代,82.28,84.17,79.66,83.11,83.9,-1.62,-1.9309,13.172,28615349,2336837084.78,1.7874811636e+11,17874814351.2
2018-07-16,'300750,宁德时代,83.9,84.75,80.1,82.7,82.7,1.2,1.451,13.5862,29515196,2439742028.8,1.822674643e+11,18226749198.7
2018-07-13,'300750,宁德时代,82.7,88.47,81.03,82.0,84.77,-2.07,-2.4419,22.188,48202055,4049051405.3,1.796605399e+11,17966056719.1
2018-07-12,'300750,宁德时代,84.77,84.77,75.6,76.03,77.06,7.71,10.0052,19.8327,43085212,3430182907.14,1.8415748449e+11,18415751246.4
2018-07-11,'300750,宁德时代,77.06,78.94,69.58,70.0,72.4,4.66,6.4365,22.6109,49120805,3695050773.74,1.6740799522e+11,16740802065.0
2018-07-10,'300750,宁德时代,72.4,75.89,71.66,75.0,71.55,0.85,1.188,16.7942,36484401,2666043239.85,1.572844388e+11,15728446269.2
2018-07-09,'300750,宁德时代,71.55,71.57,69.11,70.8,70.88,0.67,0.9453,14.3014,31068979,2183986505.88,1.5543786735e+11,15543789096.1
2018-07-06,'300750,宁德时代,70.88,74.5,68.7,68.81,68.81,2.07,3.0083,22.6536,49213427,3511358606.62,1.5398233456e+11,15398235795.0
2018-07-05,'300750,宁德时代,68.81,71.88,64.88,65.0,65.92,2.89,4.3841,15.8061,34337783,2343510066.96,1.4948538997e+11,14948541267.7
2018-07-04,'300750,宁德时代,65.92,68.15,65.5,68.15,69.29,-3.37,-4.8636,12.098,26282197,1749919477.55,1.4320704704e+11,14320706879.4
2018-07-03,'300750,宁德时代,69.29,71.19,65.85,70.2,70.0,-0.71,-1.0143,15.6092,33910064,2337186967.56,1.5052815973e+11,15052818259.6
2018-07-02,'300750,宁德时代,70.0,71.48,69.11,70.79,71.96,-1.96,-2.7237,14.9464,32470182,2278646004.68,1.5207059e+11,15207061310.0
2018-06-29,'300750,宁德时代,71.96,74.3,67.77,68.68,68.21,3.75,5.4977,21.0356,45698575,3231958793.35,1.5632856652e+11,15632859026.7
2018-06-28,'300750,宁德时代,68.21,75.39,67.44,73.3,74.09,-5.88,-7.9363,24.4338,53080981,3770134240.69,1.4818192777e+11,14818195027.9
2018-06-27,'300750,宁德时代,74.09,74.93,71.77,74.21,74.18,-0.09,-0.1213,20.3177,44138862,3241043472.73,1.6095585733e+11,16095588178.0
2018-06-26,'300750,宁德时代,74.18,75.55,67.1,67.89,69.19,4.99,7.212,28.7942,62553547,4537098812.25,1.6115137666e+11,16115140113.9
2018-06-25,'300750,宁德时代,69.19,71.6,67.22,68.2,66.55,2.64,3.9669,32.2136,69981999,4868406844.02,1.5031091603e+11,15031093886.3
2018-06-22,'300750,宁德时代,66.55,72.71,63.49,72.0,70.54,-3.99,-5.6564,58.9985,128170599,8599728955.52,1.4457568235e+11,14457570431.1
2018-06-21,'300750,宁德时代,70.54,70.54,70.54,70.54,64.13,6.41,9.9953,0.5669,1231660,86881296.4,1.5324370598e+11,15324372925.8
2018-06-20,'300750,宁德时代,64.13,64.13,64.13,64.13,58.3,5.83,10.0,0.6032,1310382,84034797.66,1.3931838481e+11,13931840597.3
2018-06-19,'300750,宁德时代,58.3,58.3,58.3,58.3,53.0,5.3,10.0,0.5144,1117428,65146052.4,1.266530771e+11,12665309633.9
2018-06-15,'300750,宁德时代,53.0,53.0,53.0,53.0,48.18,4.82,10.0042,0.1181,256510,13595030.0,1.15139161e+11,11513917849.0
2018-06-14,'300750,宁德时代,48.18,48.18,48.18,48.18,43.8,4.38,10.0,0.0342,74267,3578184.06,1.0466801466e+11,10466803055.9
2018-06-13,'300750,宁德时代,43.8,43.8,43.8,43.8,39.82,3.98,9.995,0.0207,45030,1972314.0,95152740600.0,9515275505.4
2018-06-12,'300750,宁德时代,39.82,39.82,39.82,39.82,36.2,3.62,10.0,0.0122,26579,1058375.78,86506441340.0,8650645448.06
2018-06-11,'300750,N宁德,36.2,36.2,30.17,30.17,25.14,11.06,43.9936,0.0363,78829,2845471.8,78642219400.0,7864223134.6
